claim_id,claim_date,claim_year,claim_month,region,claim_type,severity,claim_status,policy_id,customer_id,broker_id,claim_amount,claim_month_name,claim_quarter,cost_band,high_cost_flag
CLM000001,2024-01-13,2024,2024-01,West,Auto,Low,Closed,POL00559,CUST0045,BR038,2231.02,Jan,Q1,Low,0
CLM000002,2025-01-16,2025,2025-01,North,Auto,Medium,Closed,POL00559,CUST0215,BR015,2905.92,Jan,Q1,Low,0
CLM000003,2025-05-23,2025,2025-05,West,Auto,Medium,Closed,POL00160,CUST0111,BR049,4782.56,May,Q2,Medium,1
CLM000004,2025-02-17,2025,2025-02,South,Auto,Low,Closed,POL00471,CUST0275,BR008,4210.08,Feb,Q1,Medium,0
CLM000005,2024-07-12,2024,2024-07,North,Auto,Medium,Open,POL00371,CUST0296,BR013,2303.29,Jul,Q3,Low,0
CLM000006,2024-01-24,2024,2024-01,West,Property,High,Open,POL00104,CUST0195,BR018,9190.17,Jan,Q1,High,1
CLM000007,2025-07-06,2025,2025-07,North,Auto,Medium,Closed,POL00074,CUST0312,BR041,5300.84,Jul,Q3,Medium,1
CLM000008,2025-05-06,2025,2025-05,North,Auto,High,Closed,POL00333,CUST0394,BR050,7580.64,May,Q2,High,1
CLM000009,2025-01-17,2025,2025-01,West,Health,Low,Closed,POL00323,CUST0109,BR042,1397.44,Jan,Q1,Low,0
CLM000010,2025-11-26,2025,2025-11,East,Auto,Low,Closed,POL00599,CUST0220,BR038,2102.06,Nov,Q4,Low,0
CLM000011,2025-04-23,2025,2025-04,Central,Auto,Low,Open,POL00157,CUST0322,BR011,1400.4,Apr,Q2,Low,0
CLM000012,2024-08-04,2024,2024-08,East,Health,Medium,Closed,POL00258,CUST0284,BR001,1452.79,Aug,Q3,Low,0
CLM000013,2024-02-28,2024,2024-02,West,Health,Low,Closed,POL00115,CUST0151,BR028,1469.31,Feb,Q1,Low,0
CLM000014,2025-01-02,2025,2025-01,Central,Property,Low,Closed,POL00109,CUST0321,BR020,1416.38,Jan,Q1,Low,0
CLM000015,2024-09-16,2024,2024-09,East,Auto,Medium,Closed,POL00544,CUST0001,BR039,1298.59,Sep,Q3,Low,0
CLM000016,2025-01-10,2025,2025-01,North,Auto,High,Closed,POL00247,CUST0291,BR006,4759.75,Jan,Q1,Medium,1
CLM000017,2025-09-06,2025,2025-09,West,Property,High,Closed,POL00541,CUST0311,BR028,8537.28,Sep,Q3,High,1
CLM000018,2024-10-03,2024,2024-10,West,Property,Medium,Closed,POL00688,CUST0333,BR024,5860.38,Oct,Q4,Medium,1
CLM000019,2025-09-22,2025,2025-09,West,Property,Medium,Closed,POL00647,CUST0031,BR015,4661.19,Sep,Q3,Medium,1
CLM000020,2025-01-17,2025,2025-01,Central,Auto,Low,Closed,POL00136,CUST0371,BR037,1004.66,Jan,Q1,Low,0
CLM000021,2025-05-05,2025,2025-05,West,Property,Medium,Closed,POL00056,CUST0345,BR042,10697.99,May,Q2,Extreme,1
CLM000022,2024-02-20,2024,2024-02,North,Property,Medium,Closed,POL00197,CUST0098,BR035,3880.88,Feb,Q1,Medium,0
CLM000023,2025-08-05,2025,2025-08,North,Property,High,Closed,POL00668,CUST0277,BR001,9968.44,Aug,Q3,High,1
CLM000024,2024-05-01,2024,2024-05,North,Health,Low,Closed,POL00061,CUST0085,BR025,655.93,May,Q2,Very Low,0
CLM000025,2025-07-19,2025,2025-07,South,Property,Low,Pending,POL00570,CUST0339,BR046,3430.41,Jul,Q3,Medium,0
CLM000026,2025-04-08,2025,2025-04,South,Property,Medium,Open,POL00059,CUST0026,BR038,7191.23,Apr,Q2,High,1
CLM000027,2025-09-29,2025,2025-09,North,Property,Low,Closed,POL00692,CUST0121,BR026,2054.97,Sep,Q3,Low,0
CLM000028,2025-10-19,2025,2025-10,South,Health,Medium,Closed,POL00536,CUST0162,BR017,3381.22,Oct,Q4,Medium,0
CLM000029,2025-06-10,2025,2025-06,South,Health,Medium,Closed,POL00075,CUST0005,BR030,2402.52,Jun,Q2,Low,0
CLM000030,2024-10-15,2024,2024-10,Central,Auto,Low,Closed,POL00358,CUST0036,BR016,1218.98,Oct,Q4,Low,0
CLM000031,2025-03-22,2025,2025-03,South,Health,Low,Open,POL00542,CUST0005,BR043,1440.97,Mar,Q1,Low,0
CLM000032,2024-06-02,2024,2024-06,Central,Auto,High,Closed,POL00110,CUST0381,BR036,8175.01,Jun,Q2,High,1
CLM000033,2025-05-25,2025,2025-05,East,Property,Low,Closed,POL00501,CUST0129,BR004,2906.92,May,Q2,Low,0
CLM000034,2025-08-05,2025,2025-08,Central,Property,Low,Closed,POL00438,CUST0288,BR001,1910.85,Aug,Q3,Low,0
CLM000035,2025-12-20,2025,2025-12,Central,Health,Medium,Closed,POL00131,CUST0022,BR020,2635.75,Dec,Q4,Low,0
CLM000036,2025-01-21,2025,2025-01,North,Property,High,Closed,POL00636,CUST0384,BR010,6350.25,Jan,Q1,High,1
CLM000037,2024-05-01,2024,2024-05,Central,Property,Medium,Open,POL00026,CUST0092,BR048,4066.68,May,Q2,Medium,0
CLM000038,2024-07-29,2024,2024-07,West,Property,Medium,Closed,POL00111,CUST0196,BR003,2644.13,Jul,Q3,Low,0
CLM000039,2024-04-23,2024,2024-04,South,Property,Low,Open,POL00234,CUST0115,BR002,2137.2,Apr,Q2,Low,0
CLM000040,2024-07-23,2024,2024-07,South,Property,High,Closed,POL00657,CUST0261,BR026,11541.44,Jul,Q3,Extreme,1
CLM000041,2024-10-01,2024,2024-10,South,Auto,High,Closed,POL00595,CUST0136,BR003,8303.79,Oct,Q4,High,1
CLM000042,2025-08-11,2025,2025-08,South,Property,Low,Closed,POL00591,CUST0098,BR017,4407.0,Aug,Q3,Medium,0
CLM000043,2025-08-12,2025,2025-08,North,Property,Medium,Open,POL00687,CUST0101,BR024,4920.74,Aug,Q3,Medium,1
CLM000044,2025-12-07,2025,2025-12,East,Property,Medium,Closed,POL00335,CUST0207,BR045,4380.91,Dec,Q4,Medium,0
CLM000045,2025-03-07,2025,2025-03,South,Property,Low,Closed,POL00583,CUST0155,BR026,2473.74,Mar,Q1,Low,0
CLM000046,2025-01-01,2025,2025-01,South,Auto,Medium,Closed,POL00453,CUST0227,BR044,3200.48,Jan,Q1,Medium,0
CLM000047,2025-08-31,2025,2025-08,West,Property,Medium,Closed,POL00680,CUST0325,BR040,5451.31,Aug,Q3,Medium,1
CLM000048,2025-05-01,2025,2025-05,South,Property,Medium,Open,POL00075,CUST0234,BR027,10014.49,May,Q2,Extreme,1
CLM000049,2024-10-21,2024,2024-10,South,Property,Low,Closed,POL00672,CUST0353,BR001,3836.77,Oct,Q4,Medium,0
CLM000050,2024-02-24,2024,2024-02,West,Auto,Medium,Closed,POL00476,CUST0026,BR036,1686.02,Feb,Q1,Low,0
CLM000051,2025-03-04,2025,2025-03,East,Property,Medium,Closed,POL00454,CUST0314,BR047,5452.49,Mar,Q1,Medium,1
CLM000052,2024-08-06,2024,2024-08,West,Health,High,Open,POL00487,CUST0231,BR017,3735.96,Aug,Q3,Medium,0
CLM000053,2024-11-22,2024,2024-11,South,Property,Low,Closed,POL00451,CUST0040,BR046,2684.36,Nov,Q4,Low,0
CLM000054,2025-05-20,2025,2025-05,South,Property,Low,Closed,POL00425,CUST0209,BR022,5141.27,May,Q2,Medium,1
CLM000055,2025-08-01,2025,2025-08,North,Property,Low,Pending,POL00021,CUST0392,BR037,4410.37,Aug,Q3,Medium,0
CLM000056,2025-01-04,2025,2025-01,Central,Auto,Low,Open,POL00552,CUST0383,BR048,2281.66,Jan,Q1,Low,0
CLM000057,2025-11-05,2025,2025-11,Central,Health,Low,Closed,POL00685,CUST0348,BR026,884.02,Nov,Q4,Very Low,0
CLM000058,2024-08-27,2024,2024-08,Central,Property,Medium,Pending,POL00607,CUST0289,BR043,3392.27,Aug,Q3,Medium,0
CLM000059,2025-11-26,2025,2025-11,South,Property,Low,Closed,POL00466,CUST0168,BR022,4660.66,Nov,Q4,Medium,1
CLM000060,2024-07-13,2024,2024-07,South,Property,Low,Open,POL00482,CUST0010,BR048,4786.52,Jul,Q3,Medium,1
CLM000061,2025-06-29,2025,2025-06,South,Property,Low,Open,POL00637,CUST0079,BR016,3509.6,Jun,Q2,Medium,0
CLM000062,2025-12-09,2025,2025-12,North,Property,Low,Closed,POL00621,CUST0311,BR048,2880.98,Dec,Q4,Low,0
CLM000063,2024-03-24,2024,2024-03,Central,Auto,Low,Closed,POL00694,CUST0193,BR026,916.57,Mar,Q1,Very Low,0
CLM000064,2024-04-11,2024,2024-04,North,Property,Medium,Closed,POL00309,CUST0351,BR039,2763.26,Apr,Q2,Low,0
CLM000065,2024-10-16,2024,2024-10,West,Auto,Low,Closed,POL00519,CUST0332,BR022,2491.77,Oct,Q4,Low,0
CLM000066,2025-08-04,2025,2025-08,West,Auto,High,Open,POL00157,CUST0223,BR012,11644.37,Aug,Q3,Extreme,1
CLM000067,2024-11-29,2024,2024-11,South,Property,Medium,Closed,POL00447,CUST0375,BR038,5528.88,Nov,Q4,Medium,1
CLM000068,2025-05-06,2025,2025-05,West,Auto,High,Closed,POL00625,CUST0343,BR025,10292.09,May,Q2,Extreme,1
CLM000069,2025-09-11,2025,2025-09,Central,Auto,Low,Closed,POL00611,CUST0360,BR018,1869.23,Sep,Q3,Low,0
CLM000070,2025-09-22,2025,2025-09,Central,Auto,Medium,Open,POL00488,CUST0331,BR046,2190.19,Sep,Q3,Low,0
CLM000071,2025-01-09,2025,2025-01,North,Auto,Medium,Closed,POL00485,CUST0284,BR034,3461.25,Jan,Q1,Medium,0
CLM000072,2025-10-09,2025,2025-10,South,Property,Low,Closed,POL00198,CUST0162,BR008,7110.18,Oct,Q4,High,1
CLM000073,2024-12-19,2024,2024-12,South,Auto,Low,Open,POL00538,CUST0306,BR019,1999.77,Dec,Q4,Low,0
CLM000074,2024-04-09,2024,2024-04,South,Auto,Low,Closed,POL00130,CUST0141,BR003,3501.51,Apr,Q2,Medium,0
CLM000075,2024-10-10,2024,2024-10,South,Property,Medium,Open,POL00106,CUST0007,BR037,2266.59,Oct,Q4,Low,0
CLM000076,2025-09-03,2025,2025-09,East,Auto,Low,Closed,POL00067,CUST0206,BR032,2317.96,Sep,Q3,Low,0
CLM000077,2025-11-19,2025,2025-11,West,Auto,Medium,Closed,POL00255,CUST0061,BR036,3930.44,Nov,Q4,Medium,0
CLM000078,2024-11-06,2024,2024-11,East,Health,Medium,Closed,POL00454,CUST0153,BR038,1540.09,Nov,Q4,Low,0
CLM000079,2024-06-05,2024,2024-06,East,Auto,High,Closed,POL00213,CUST0321,BR014,4659.78,Jun,Q2,Medium,1
CLM000080,2025-02-11,2025,2025-02,West,Property,Medium,Closed,POL00238,CUST0148,BR046,3194.5,Feb,Q1,Medium,0
CLM000081,2025-08-21,2025,2025-08,North,Auto,Low,Closed,POL00203,CUST0218,BR008,1694.57,Aug,Q3,Low,0
CLM000082,2025-11-28,2025,2025-11,North,Property,Medium,Open,POL00296,CUST0225,BR008,5806.19,Nov,Q4,Medium,1
CLM000083,2025-06-05,2025,2025-06,West,Property,Low,Closed,POL00041,CUST0222,BR048,6446.36,Jun,Q2,High,1
CLM000084,2025-05-09,2025,2025-05,North,Auto,Medium,Closed,POL00022,CUST0392,BR044,2544.02,May,Q2,Low,0
CLM000085,2024-10-22,2024,2024-10,North,Property,Low,Closed,POL00285,CUST0093,BR038,1898.92,Oct,Q4,Low,0
CLM000086,2025-09-09,2025,2025-09,Central,Health,Low,Closed,POL00165,CUST0169,BR027,994.85,Sep,Q3,Very Low,0
CLM000087,2024-05-27,2024,2024-05,West,Health,Medium,Closed,POL00091,CUST0162,BR017,3099.75,May,Q2,Medium,0
CLM000088,2025-07-26,2025,2025-07,Central,Property,Low,Closed,POL00056,CUST0097,BR034,3104.37,Jul,Q3,Medium,0
CLM000089,2025-09-13,2025,2025-09,West,Property,Low,Pending,POL00449,CUST0358,BR032,3192.61,Sep,Q3,Medium,0
CLM000090,2025-11-19,2025,2025-11,East,Auto,Low,Closed,POL00096,CUST0116,BR008,2080.62,Nov,Q4,Low,0
CLM000091,2025-03-02,2025,2025-03,West,Auto,High,Closed,POL00426,CUST0248,BR031,7494.1,Mar,Q1,High,1
CLM000092,2025-10-10,2025,2025-10,North,Auto,Medium,Closed,POL00072,CUST0142,BR050,4280.92,Oct,Q4,Medium,0
CLM000093,2024-07-31,2024,2024-07,South,Property,Low,Closed,POL00306,CUST0301,BR038,2660.85,Jul,Q3,Low,0
CLM000094,2024-09-07,2024,2024-09,Central,Health,Low,Closed,POL00557,CUST0194,BR030,866.68,Sep,Q3,Very Low,0
CLM000095,2024-04-06,2024,2024-04,Central,Auto,Low,Open,POL00421,CUST0023,BR021,1176.88,Apr,Q2,Low,0
CLM000096,2024-12-27,2024,2024-12,Central,Health,High,Open,POL00668,CUST0078,BR032,1844.21,Dec,Q4,Low,0
CLM000097,2024-03-05,2024,2024-03,East,Health,High,Open,POL00451,CUST0052,BR034,3603.8,Mar,Q1,Medium,0
CLM000098,2024-01-08,2024,2024-01,West,Health,Medium,Closed,POL00481,CUST0401,BR017,2465.27,Jan,Q1,Low,0
CLM000099,2025-12-21,2025,2025-12,South,Auto,Low,Closed,POL00325,CUST0321,BR046,2474.93,Dec,Q4,Low,0
CLM000100,2024-09-06,2024,2024-09,Central,Auto,Low,Closed,POL00295,CUST0117,BR048,1243.59,Sep,Q3,Low,0
CLM000101,2025-02-20,2025,2025-02,West,Property,Low,Closed,POL00030,CUST0024,BR021,2341.69,Feb,Q1,Low,0
CLM000102,2024-05-30,2024,2024-05,South,Health,Low,Closed,POL00699,CUST0406,BR012,1258.4,May,Q2,Low,0
CLM000103,2025-02-10,2025,2025-02,East,Health,Medium,Closed,POL00238,CUST0237,BR041,1850.39,Feb,Q1,Low,0
CLM000104,2025-05-11,2025,2025-05,West,Property,Low,Closed,POL00076,CUST0227,BR023,2902.16,May,Q2,Low,0
CLM000105,2024-06-02,2024,2024-06,West,Health,Low,Open,POL00204,CUST0197,BR031,1275.9,Jun,Q2,Low,0
CLM000106,2025-07-15,2025,2025-07,East,Health,High,Pending,POL00675,CUST0203,BR018,4565.9,Jul,Q3,Medium,0
CLM000107,2025-12-18,2025,2025-12,West,Property,High,Open,POL00294,CUST0398,BR015,23549.34,Dec,Q4,Extreme,1
CLM000108,2024-06-29,2024,2024-06,South,Auto,Low,Open,POL00676,CUST0349,BR009,2152.59,Jun,Q2,Low,0
CLM000109,2024-11-17,2024,2024-11,West,Auto,Low,Closed,POL00135,CUST0047,BR019,2051.87,Nov,Q4,Low,0
CLM000110,2025-08-01,2025,2025-08,North,Auto,Medium,Closed,POL00280,CUST0085,BR017,2971.56,Aug,Q3,Low,0
CLM000111,2024-09-03,2024,2024-09,Central,Auto,High,Open,POL00480,CUST0039,BR010,2184.12,Sep,Q3,Low,0
CLM000112,2024-04-25,2024,2024-04,Central,Property,High,Pending,POL00571,CUST0188,BR006,7115.66,Apr,Q2,High,1
CLM000113,2024-01-08,2024,2024-01,South,Auto,Low,Open,POL00269,CUST0300,BR025,2068.14,Jan,Q1,Low,0
CLM000114,2024-07-09,2024,2024-07,North,Auto,Low,Open,POL00575,CUST0168,BR040,3552.32,Jul,Q3,Medium,0
CLM000115,2025-02-02,2025,2025-02,West,Health,Medium,Closed,POL00047,CUST0020,BR020,2566.27,Feb,Q1,Low,0
CLM000116,2024-02-29,2024,2024-02,North,Property,Low,Closed,POL00687,CUST0381,BR045,2800.51,Feb,Q1,Low,0
CLM000117,2024-08-02,2024,2024-08,East,Property,High,Closed,POL00502,CUST0316,BR027,7489.45,Aug,Q3,High,1
CLM000118,2024-05-23,2024,2024-05,North,Auto,Low,Pending,POL00372,CUST0051,BR044,996.43,May,Q2,Very Low,0
CLM000119,2025-11-27,2025,2025-11,East,Property,Medium,Closed,POL00658,CUST0328,BR039,7261.82,Nov,Q4,High,1
CLM000120,2024-01-26,2024,2024-01,West,Auto,Low,Closed,POL00071,CUST0392,BR036,2439.48,Jan,Q1,Low,0
CLM000121,2025-04-21,2025,2025-04,West,Auto,Medium,Closed,POL00284,CUST0075,BR009,5028.62,Apr,Q2,Medium,1
CLM000122,2025-03-31,2025,2025-03,North,Property,Low,Open,POL00603,CUST0166,BR002,2236.3,Mar,Q1,Low,0
CLM000123,2025-01-27,2025,2025-01,West,Property,Medium,Closed,POL00463,CUST0258,BR015,10465.22,Jan,Q1,Extreme,1
CLM000124,2024-01-23,2024,2024-01,West,Property,Medium,Closed,POL00659,CUST0016,BR004,3214.21,Jan,Q1,Medium,0
CLM000125,2024-07-24,2024,2024-07,South,Auto,Medium,Closed,POL00083,CUST0165,BR039,4144.55,Jul,Q3,Medium,0
CLM000126,2025-03-06,2025,2025-03,South,Health,Medium,Pending,POL00544,CUST0151,BR030,6381.49,Mar,Q1,High,1
CLM000127,2025-08-09,2025,2025-08,North,Property,Medium,Open,POL00221,CUST0221,BR029,3622.8,Aug,Q3,Medium,0
CLM000128,2024-07-30,2024,2024-07,South,Health,Low,Closed,POL00438,CUST0161,BR043,1195.86,Jul,Q3,Low,0
CLM000129,2025-03-20,2025,2025-03,West,Property,Medium,Closed,POL00134,CUST0285,BR004,6632.33,Mar,Q1,High,1
CLM000130,2025-10-15,2025,2025-10,East,Property,Low,Pending,POL00434,CUST0370,BR004,2448.8,Oct,Q4,Low,0
CLM000131,2024-11-03,2024,2024-11,South,Auto,Low,Closed,POL00494,CUST0115,BR007,1176.85,Nov,Q4,Low,0
CLM000132,2025-10-12,2025,2025-10,South,Property,Medium,Open,POL00637,CUST0315,BR044,7085.4,Oct,Q4,High,1
CLM000133,2024-01-14,2024,2024-01,East,Property,Medium,Closed,POL00280,CUST0360,BR049,2751.06,Jan,Q1,Low,0
CLM000134,2025-06-23,2025,2025-06,South,Auto,Low,Closed,POL00649,CUST0016,BR006,2915.9,Jun,Q2,Low,0
CLM000135,2024-04-20,2024,2024-04,South,Health,Low,Closed,POL00333,CUST0398,BR037,1056.82,Apr,Q2,Low,0
CLM000136,2025-01-27,2025,2025-01,West,Property,Medium,Closed,POL00425,CUST0140,BR014,11018.28,Jan,Q1,Extreme,1
CLM000137,2024-02-28,2024,2024-02,South,Auto,Medium,Closed,POL00540,CUST0342,BR020,2565.76,Feb,Q1,Low,0
CLM000138,2025-07-22,2025,2025-07,Central,Auto,Low,Open,POL00262,CUST0149,BR021,1471.43,Jul,Q3,Low,0
CLM000139,2025-09-12,2025,2025-09,West,Auto,Low,Closed,POL00685,CUST0413,BR023,3041.01,Sep,Q3,Medium,0
CLM000140,2025-01-22,2025,2025-01,South,Health,Low,Closed,POL00415,CUST0364,BR041,1156.17,Jan,Q1,Low,0
CLM000141,2025-02-28,2025,2025-02,South,Property,Low,Closed,POL00371,CUST0046,BR028,4494.37,Feb,Q1,Medium,0
CLM000142,2024-05-04,2024,2024-05,South,Health,Low,Open,POL00348,CUST0114,BR022,2303.81,May,Q2,Low,0
CLM000143,2024-02-09,2024,2024-02,East,Auto,Low,Pending,POL00358,CUST0180,BR047,811.84,Feb,Q1,Very Low,0
CLM000144,2024-11-26,2024,2024-11,West,Auto,Low,Closed,POL00617,CUST0079,BR049,2000.17,Nov,Q4,Low,0
CLM000145,2024-02-08,2024,2024-02,North,Property,Low,Open,POL00594,CUST0230,BR044,2759.96,Feb,Q1,Low,0
CLM000146,2024-10-16,2024,2024-10,West,Property,Low,Pending,POL00324,CUST0078,BR029,4141.43,Oct,Q4,Medium,0
CLM000147,2025-08-15,2025,2025-08,West,Property,Medium,Closed,POL00473,CUST0232,BR003,4154.31,Aug,Q3,Medium,0
CLM000148,2025-05-27,2025,2025-05,North,Property,Medium,Closed,POL00474,CUST0298,BR036,3227.72,May,Q2,Medium,0
CLM000149,2024-01-22,2024,2024-01,East,Property,Medium,Closed,POL00488,CUST0257,BR010,4789.71,Jan,Q1,Medium,1
CLM000150,2024-08-18,2024,2024-08,North,Property,Low,Closed,POL00517,CUST0331,BR012,2796.04,Aug,Q3,Low,0
CLM000151,2025-12-29,2025,2025-12,South,Property,Low,Closed,POL00347,CUST0348,BR039,4530.75,Dec,Q4,Medium,0
CLM000152,2025-11-20,2025,2025-11,West,Auto,Low,Closed,POL00673,CUST0309,BR010,2582.39,Nov,Q4,Low,0
CLM000153,2025-10-26,2025,2025-10,West,Property,Low,Closed,POL00133,CUST0305,BR046,3029.04,Oct,Q4,Medium,0
CLM000154,2024-06-07,2024,2024-06,East,Health,Low,Closed,POL00540,CUST0048,BR042,1112.89,Jun,Q2,Low,0
CLM000155,2024-09-17,2024,2024-09,South,Auto,Low,Closed,POL00498,CUST0099,BR015,2243.74,Sep,Q3,Low,0
CLM000156,2024-03-20,2024,2024-03,North,Property,Low,Open,POL00540,CUST0020,BR043,1962.53,Mar,Q1,Low,0
CLM000157,2025-11-13,2025,2025-11,North,Auto,Low,Open,POL00170,CUST0370,BR029,3516.05,Nov,Q4,Medium,0
CLM000158,2025-07-06,2025,2025-07,West,Auto,Low,Open,POL00460,CUST0120,BR035,2700.13,Jul,Q3,Low,0
CLM000159,2025-08-29,2025,2025-08,Central,Auto,Medium,Closed,POL00289,CUST0399,BR025,1809.09,Aug,Q3,Low,0
CLM000160,2025-08-03,2025,2025-08,South,Property,Medium,Open,POL00568,CUST0053,BR046,8704.44,Aug,Q3,High,1
CLM000161,2024-03-04,2024,2024-03,South,Property,Low,Pending,POL00151,CUST0224,BR006,2418.69,Mar,Q1,Low,0
CLM000162,2024-04-23,2024,2024-04,West,Property,High,Closed,POL00406,CUST0258,BR024,13138.69,Apr,Q2,Extreme,1
CLM000163,2025-02-11,2025,2025-02,South,Auto,High,Closed,POL00150,CUST0071,BR003,11735.38,Feb,Q1,Extreme,1
CLM000164,2025-08-30,2025,2025-08,West,Auto,Medium,Closed,POL00082,CUST0010,BR017,2860.64,Aug,Q3,Low,0
CLM000165,2025-03-18,2025,2025-03,South,Property,Medium,Closed,POL00430,CUST0328,BR040,9691.23,Mar,Q1,High,1
CLM000166,2025-02-26,2025,2025-02,West,Health,Medium,Closed,POL00148,CUST0150,BR028,3171.66,Feb,Q1,Medium,0
CLM000167,2025-06-30,2025,2025-06,Central,Property,Low,Closed,POL00520,CUST0403,BR033,3689.42,Jun,Q2,Medium,0
CLM000168,2025-07-19,2025,2025-07,Central,Auto,Low,Open,POL00366,CUST0404,BR005,3198.98,Jul,Q3,Medium,0
CLM000169,2025-12-03,2025,2025-12,West,Property,Medium,Closed,POL00560,CUST0174,BR042,5877.86,Dec,Q4,Medium,1
CLM000170,2025-12-17,2025,2025-12,East,Property,Medium,Closed,POL00469,CUST0019,BR019,3739.06,Dec,Q4,Medium,0
CLM000171,2025-04-13,2025,2025-04,Central,Auto,Low,Open,POL00485,CUST0130,BR003,1206.38,Apr,Q2,Low,0
CLM000172,2024-04-07,2024,2024-04,South,Property,Low,Closed,POL00280,CUST0064,BR024,2556.99,Apr,Q2,Low,0
CLM000173,2025-07-24,2025,2025-07,West,Property,Low,Closed,POL00510,CUST0189,BR034,3740.68,Jul,Q3,Medium,0
CLM000174,2025-02-12,2025,2025-02,West,Auto,Medium,Closed,POL00329,CUST0053,BR006,4296.02,Feb,Q1,Medium,0
CLM000175,2025-06-01,2025,2025-06,South,Health,Low,Closed,POL00044,CUST0373,BR023,1959.64,Jun,Q2,Low,0
CLM000176,2024-08-10,2024,2024-08,South,Property,High,Closed,POL00653,CUST0208,BR024,14390.34,Aug,Q3,Extreme,1
CLM000177,2025-12-14,2025,2025-12,North,Auto,Medium,Closed,POL00130,CUST0035,BR016,3063.91,Dec,Q4,Medium,0
CLM000178,2024-07-06,2024,2024-07,South,Property,Low,Closed,POL00461,CUST0190,BR024,5658.17,Jul,Q3,Medium,1
CLM000179,2025-02-09,2025,2025-02,East,Health,Low,Closed,POL00117,CUST0014,BR048,1140.98,Feb,Q1,Low,0
CLM000180,2025-09-23,2025,2025-09,South,Health,Low,Closed,POL00627,CUST0147,BR045,4608.84,Sep,Q3,Medium,0
CLM000181,2024-09-08,2024,2024-09,South,Auto,Low,Closed,POL00456,CUST0045,BR044,2520.74,Sep,Q3,Low,0
CLM000182,2024-06-12,2024,2024-06,West,Property,Medium,Closed,POL00308,CUST0081,BR046,3889.28,Jun,Q2,Medium,0
CLM000183,2024-12-24,2024,2024-12,West,Property,Low,Closed,POL00206,CUST0406,BR009,2165.37,Dec,Q4,Low,0
CLM000184,2025-09-10,2025,2025-09,North,Health,Low,Closed,POL00627,CUST0045,BR005,1559.99,Sep,Q3,Low,0
CLM000185,2025-09-03,2025,2025-09,Central,Property,Medium,Closed,POL00697,CUST0265,BR023,4264.66,Sep,Q3,Medium,0
CLM000186,2025-10-10,2025,2025-10,West,Auto,High,Pending,POL00057,CUST0064,BR034,9300.23,Oct,Q4,High,1
CLM000187,2025-03-26,2025,2025-03,North,Property,Low,Closed,POL00291,CUST0041,BR017,3628.22,Mar,Q1,Medium,0
CLM000188,2025-10-10,2025,2025-10,West,Property,Medium,Closed,POL00176,CUST0338,BR040,6243.8,Oct,Q4,High,1
CLM000189,2024-11-05,2024,2024-11,South,Property,Low,Open,POL00084,CUST0024,BR042,2529.41,Nov,Q4,Low,0
CLM000190,2024-05-15,2024,2024-05,West,Property,Low,Closed,POL00510,CUST0322,BR035,1853.74,May,Q2,Low,0
CLM000191,2025-06-04,2025,2025-06,East,Property,Medium,Closed,POL00062,CUST0081,BR029,4163.52,Jun,Q2,Medium,0
CLM000192,2025-08-26,2025,2025-08,South,Health,Low,Open,POL00354,CUST0205,BR009,2400.45,Aug,Q3,Low,0
CLM000193,2024-09-20,2024,2024-09,East,Auto,Low,Closed,POL00254,CUST0073,BR007,1535.88,Sep,Q3,Low,0
CLM000194,2025-07-16,2025,2025-07,Central,Health,High,Open,POL00592,CUST0370,BR021,2428.13,Jul,Q3,Low,0
CLM000195,2025-03-23,2025,2025-03,East,Health,Low,Closed,POL00403,CUST0259,BR030,1329.94,Mar,Q1,Low,0
CLM000196,2024-04-20,2024,2024-04,East,Auto,Low,Closed,POL00670,CUST0345,BR031,1630.74,Apr,Q2,Low,0
CLM000197,2025-01-05,2025,2025-01,Central,Health,High,Open,POL00375,CUST0024,BR026,2756.0,Jan,Q1,Low,0
CLM000198,2025-10-15,2025,2025-10,South,Health,Low,Open,POL00287,CUST0320,BR044,1877.09,Oct,Q4,Low,0
CLM000199,2024-03-06,2024,2024-03,Central,Health,Medium,Closed,POL00375,CUST0387,BR010,1653.34,Mar,Q1,Low,0
CLM000200,2025-09-18,2025,2025-09,South,Auto,Low,Open,POL00532,CUST0234,BR010,1655.96,Sep,Q3,Low,0
CLM000201,2024-09-20,2024,2024-09,North,Property,Low,Closed,POL00632,CUST0379,BR020,2856.18,Sep,Q3,Low,0
CLM000202,2025-09-17,2025,2025-09,West,Health,Medium,Open,POL00378,CUST0170,BR044,3340.28,Sep,Q3,Medium,0
CLM000203,2025-08-02,2025,2025-08,East,Property,Medium,Closed,POL00486,CUST0136,BR042,7111.48,Aug,Q3,High,1
CLM000204,2024-10-23,2024,2024-10,East,Property,Medium,Closed,POL00645,CUST0370,BR040,5769.71,Oct,Q4,Medium,1
CLM000205,2024-07-13,2024,2024-07,North,Property,Low,Pending,POL00113,CUST0098,BR002,1555.93,Jul,Q3,Low,0
CLM000206,2025-08-03,2025,2025-08,North,Property,Low,Pending,POL00064,CUST0362,BR009,2214.16,Aug,Q3,Low,0
CLM000207,2025-10-15,2025,2025-10,South,Property,Medium,Closed,POL00546,CUST0176,BR035,8283.8,Oct,Q4,High,1
CLM000208,2025-12-15,2025,2025-12,West,Property,Medium,Closed,POL00572,CUST0153,BR015,7666.84,Dec,Q4,High,1
CLM000209,2024-06-01,2024,2024-06,West,Property,Medium,Closed,POL00492,CUST0179,BR036,6287.07,Jun,Q2,High,1
CLM000210,2024-05-20,2024,2024-05,South,Health,Medium,Open,POL00405,CUST0420,BR023,9359.08,May,Q2,High,1
CLM000211,2024-03-15,2024,2024-03,South,Auto,Medium,Closed,POL00453,CUST0336,BR017,4121.46,Mar,Q1,Medium,0
CLM000212,2024-04-19,2024,2024-04,South,Health,High,Closed,POL00141,CUST0056,BR040,6870.2,Apr,Q2,High,1
CLM000213,2024-05-02,2024,2024-05,South,Property,Medium,Closed,POL00054,CUST0052,BR027,7917.61,May,Q2,High,1
CLM000214,2025-08-30,2025,2025-08,North,Property,Low,Pending,POL00417,CUST0335,BR031,3861.66,Aug,Q3,Medium,0
CLM000215,2025-04-13,2025,2025-04,North,Property,Medium,Closed,POL00039,CUST0090,BR027,4588.67,Apr,Q2,Medium,0
CLM000216,2024-03-31,2024,2024-03,Central,Auto,Medium,Open,POL00191,CUST0384,BR019,2934.59,Mar,Q1,Low,0
CLM000217,2024-01-05,2024,2024-01,South,Health,High,Closed,POL00466,CUST0329,BR035,3522.8,Jan,Q1,Medium,0
CLM000218,2025-03-10,2025,2025-03,South,Property,Medium,Closed,POL00191,CUST0008,BR048,6367.16,Mar,Q1,High,1
CLM000219,2025-06-01,2025,2025-06,East,Property,Low,Open,POL00438,CUST0264,BR021,2464.38,Jun,Q2,Low,0
CLM000220,2025-12-09,2025,2025-12,North,Property,Low,Closed,POL00393,CUST0121,BR029,3163.77,Dec,Q4,Medium,0
CLM000221,2024-06-17,2024,2024-06,South,Property,Low,Closed,POL00242,CUST0032,BR043,7648.38,Jun,Q2,High,1
CLM000222,2025-06-07,2025,2025-06,North,Property,High,Open,POL00121,CUST0328,BR019,5064.45,Jun,Q2,Medium,1
CLM000223,2025-04-24,2025,2025-04,South,Auto,Low,Closed,POL00426,CUST0360,BR036,3141.22,Apr,Q2,Medium,0
CLM000224,2024-10-02,2024,2024-10,West,Property,Medium,Closed,POL00611,CUST0404,BR006,2985.53,Oct,Q4,Low,0
CLM000225,2025-09-28,2025,2025-09,West,Property,Medium,Closed,POL00154,CUST0085,BR021,5429.8,Sep,Q3,Medium,1
CLM000226,2024-08-14,2024,2024-08,North,Auto,Medium,Closed,POL00523,CUST0229,BR004,3659.85,Aug,Q3,Medium,0
CLM000227,2025-09-20,2025,2025-09,South,Health,Medium,Closed,POL00023,CUST0203,BR017,3032.05,Sep,Q3,Medium,0
CLM000228,2024-04-21,2024,2024-04,East,Auto,Low,Closed,POL00062,CUST0036,BR031,977.22,Apr,Q2,Very Low,0
CLM000229,2025-07-29,2025,2025-07,North,Auto,Medium,Pending,POL00384,CUST0196,BR029,2374.5,Jul,Q3,Low,0
CLM000230,2024-07-12,2024,2024-07,South,Property,Medium,Closed,POL00670,CUST0179,BR008,7192.57,Jul,Q3,High,1
CLM000231,2025-10-03,2025,2025-10,South,Auto,High,Open,POL00306,CUST0238,BR044,6058.56,Oct,Q4,High,1
CLM000232,2024-08-05,2024,2024-08,East,Property,Low,Closed,POL00283,CUST0097,BR047,2582.42,Aug,Q3,Low,0
CLM000233,2024-01-17,2024,2024-01,West,Health,Medium,Open,POL00017,CUST0124,BR014,2286.18,Jan,Q1,Low,0
CLM000234,2025-11-01,2025,2025-11,North,Property,Medium,Closed,POL00223,CUST0387,BR050,4079.1,Nov,Q4,Medium,0
CLM000235,2025-09-15,2025,2025-09,Central,Auto,High,Closed,POL00689,CUST0420,BR021,11045.41,Sep,Q3,Extreme,1
CLM000236,2025-03-15,2025,2025-03,Central,Health,Low,Closed,POL00606,CUST0377,BR012,1480.42,Mar,Q1,Low,0
CLM000237,2024-08-06,2024,2024-08,East,Auto,Low,Closed,POL00391,CUST0403,BR034,701.43,Aug,Q3,Very Low,0
CLM000238,2025-08-02,2025,2025-08,South,Auto,Low,Closed,POL00231,CUST0154,BR046,2637.1,Aug,Q3,Low,0
CLM000239,2025-08-26,2025,2025-08,Central,Health,High,Closed,POL00249,CUST0131,BR014,2978.76,Aug,Q3,Low,0
CLM000240,2025-02-10,2025,2025-02,Central,Property,Low,Closed,POL00275,CUST0194,BR044,3728.85,Feb,Q1,Medium,0
CLM000241,2024-01-21,2024,2024-01,Central,Auto,Medium,Open,POL00573,CUST0112,BR031,1704.97,Jan,Q1,Low,0
CLM000242,2025-06-20,2025,2025-06,South,Property,Low,Open,POL00491,CUST0125,BR045,3987.07,Jun,Q2,Medium,0
CLM000243,2024-04-14,2024,2024-04,South,Auto,Low,Closed,POL00478,CUST0274,BR042,2416.49,Apr,Q2,Low,0
CLM000244,2025-05-14,2025,2025-05,South,Property,Low,Open,POL00328,CUST0105,BR024,5619.42,May,Q2,Medium,1
CLM000245,2025-01-24,2025,2025-01,East,Auto,Low,Pending,POL00594,CUST0369,BR027,1142.16,Jan,Q1,Low,0
CLM000246,2025-04-11,2025,2025-04,South,Auto,Medium,Closed,POL00346,CUST0132,BR049,3662.59,Apr,Q2,Medium,0
CLM000247,2024-11-24,2024,2024-11,West,Health,Medium,Closed,POL00144,CUST0369,BR035,1905.41,Nov,Q4,Low,0
CLM000248,2025-10-05,2025,2025-10,Central,Property,Medium,Closed,POL00685,CUST0025,BR049,3668.97,Oct,Q4,Medium,0
CLM000249,2025-03-12,2025,2025-03,West,Property,Medium,Closed,POL00683,CUST0316,BR031,11881.56,Mar,Q1,Extreme,1
CLM000250,2024-01-09,2024,2024-01,North,Health,Low,Closed,POL00282,CUST0275,BR019,1244.46,Jan,Q1,Low,0
CLM000251,2025-12-24,2025,2025-12,South,Property,Low,Closed,POL00540,CUST0130,BR023,2669.54,Dec,Q4,Low,0
CLM000252,2025-07-23,2025,2025-07,North,Property,Low,Closed,POL00308,CUST0351,BR006,4239.14,Jul,Q3,Medium,0
CLM000253,2024-11-28,2024,2024-11,West,Auto,Low,Closed,POL00058,CUST0327,BR001,3940.72,Nov,Q4,Medium,0
CLM000254,2024-02-12,2024,2024-02,East,Health,Medium,Closed,POL00098,CUST0271,BR003,2454.34,Feb,Q1,Low,0
CLM000255,2025-12-21,2025,2025-12,Central,Property,High,Closed,POL00034,CUST0092,BR021,5148.21,Dec,Q4,Medium,1
CLM000256,2025-04-17,2025,2025-04,East,Property,Medium,Closed,POL00167,CUST0289,BR016,4108.92,Apr,Q2,Medium,0
CLM000257,2025-07-19,2025,2025-07,West,Health,Low,Open,POL00081,CUST0257,BR048,2566.07,Jul,Q3,Low,0
CLM000258,2024-01-28,2024,2024-01,North,Auto,Low,Closed,POL00629,CUST0305,BR026,1170.91,Jan,Q1,Low,0
CLM000259,2024-06-16,2024,2024-06,North,Auto,High,Closed,POL00365,CUST0284,BR025,5548.24,Jun,Q2,Medium,1
CLM000260,2025-12-15,2025,2025-12,East,Health,Medium,Closed,POL00076,CUST0043,BR018,2735.92,Dec,Q4,Low,0
CLM000261,2025-12-31,2025,2025-12,West,Auto,Low,Closed,POL00316,CUST0228,BR024,1653.73,Dec,Q4,Low,0
CLM000262,2024-02-22,2024,2024-02,North,Auto,Low,Closed,POL00418,CUST0053,BR002,1469.07,Feb,Q1,Low,0
CLM000263,2025-10-11,2025,2025-10,North,Health,Low,Closed,POL00398,CUST0399,BR006,423.74,Oct,Q4,Very Low,0
CLM000264,2024-10-13,2024,2024-10,Central,Property,Medium,Closed,POL00390,CUST0087,BR009,2641.08,Oct,Q4,Low,0
CLM000265,2025-05-18,2025,2025-05,East,Auto,Low,Closed,POL00079,CUST0185,BR017,1591.42,May,Q2,Low,0
CLM000266,2024-11-16,2024,2024-11,East,Health,Low,Closed,POL00007,CUST0203,BR022,662.95,Nov,Q4,Very Low,0
CLM000267,2024-07-13,2024,2024-07,West,Auto,Low,Open,POL00667,CUST0305,BR009,3319.96,Jul,Q3,Medium,0
CLM000268,2025-11-05,2025,2025-11,Central,Auto,Low,Pending,POL00299,CUST0377,BR045,998.41,Nov,Q4,Very Low,0
CLM000269,2024-10-21,2024,2024-10,West,Auto,Low,Open,POL00374,CUST0059,BR037,1607.36,Oct,Q4,Low,0
CLM000270,2025-10-07,2025,2025-10,North,Property,Low,Pending,POL00215,CUST0225,BR019,3218.35,Oct,Q4,Medium,0
CLM000271,2024-02-05,2024,2024-02,West,Property,Low,Closed,POL00649,CUST0156,BR016,5216.61,Feb,Q1,Medium,1
CLM000272,2025-03-20,2025,2025-03,West,Property,Low,Closed,POL00411,CUST0274,BR033,2324.96,Mar,Q1,Low,0
CLM000273,2024-12-20,2024,2024-12,South,Auto,High,Closed,POL00550,CUST0305,BR041,9634.56,Dec,Q4,High,1
CLM000274,2024-02-25,2024,2024-02,West,Property,Low,Closed,POL00046,CUST0289,BR042,3161.3,Feb,Q1,Medium,0
CLM000275,2024-07-23,2024,2024-07,Central,Auto,Medium,Closed,POL00101,CUST0133,BR015,1595.84,Jul,Q3,Low,0
CLM000276,2025-09-23,2025,2025-09,East,Property,Low,Closed,POL00696,CUST0302,BR045,3433.41,Sep,Q3,Medium,0
CLM000277,2025-06-26,2025,2025-06,Central,Health,Low,Closed,POL00146,CUST0179,BR020,1271.4,Jun,Q2,Low,0
CLM000278,2025-04-16,2025,2025-04,East,Auto,Low,Closed,POL00069,CUST0154,BR003,1409.09,Apr,Q2,Low,0
CLM000279,2024-02-28,2024,2024-02,North,Auto,Low,Open,POL00250,CUST0265,BR012,1537.1,Feb,Q1,Low,0
CLM000280,2025-06-19,2025,2025-06,East,Property,Low,Closed,POL00656,CUST0337,BR028,2552.2,Jun,Q2,Low,0
CLM000281,2025-11-11,2025,2025-11,South,Property,Low,Closed,POL00065,CUST0296,BR007,4318.66,Nov,Q4,Medium,0
CLM000282,2024-10-01,2024,2024-10,South,Auto,Low,Closed,POL00502,CUST0271,BR041,2553.12,Oct,Q4,Low,0
CLM000283,2025-07-18,2025,2025-07,East,Health,Low,Closed,POL00690,CUST0362,BR020,2180.65,Jul,Q3,Low,0
CLM000284,2024-10-29,2024,2024-10,North,Auto,Low,Closed,POL00188,CUST0192,BR045,972.61,Oct,Q4,Very Low,0
CLM000285,2025-07-18,2025,2025-07,South,Auto,Low,Closed,POL00661,CUST0089,BR036,5212.1,Jul,Q3,Medium,1
CLM000286,2025-05-28,2025,2025-05,South,Property,Low,Closed,POL00394,CUST0288,BR033,2095.9,May,Q2,Low,0
CLM000287,2024-07-28,2024,2024-07,West,Health,Medium,Closed,POL00085,CUST0290,BR002,2133.59,Jul,Q3,Low,0
CLM000288,2024-04-22,2024,2024-04,South,Auto,Medium,Closed,POL00469,CUST0290,BR048,4146.67,Apr,Q2,Medium,0
CLM000289,2024-09-10,2024,2024-09,East,Auto,Low,Open,POL00376,CUST0278,BR049,1572.27,Sep,Q3,Low,0
CLM000290,2025-08-14,2025,2025-08,East,Property,Low,Open,POL00305,CUST0017,BR029,2348.72,Aug,Q3,Low,0
CLM000291,2025-02-14,2025,2025-02,South,Property,Medium,Open,POL00603,CUST0353,BR023,6431.43,Feb,Q1,High,1
CLM000292,2024-11-08,2024,2024-11,West,Auto,Low,Closed,POL00212,CUST0413,BR004,1577.84,Nov,Q4,Low,0
CLM000293,2025-09-30,2025,2025-09,South,Health,Low,Closed,POL00274,CUST0264,BR044,1447.21,Sep,Q3,Low,0
CLM000294,2024-03-10,2024,2024-03,Central,Property,High,Pending,POL00672,CUST0065,BR045,9669.13,Mar,Q1,High,1
CLM000295,2024-05-07,2024,2024-05,North,Auto,Low,Open,POL00403,CUST0251,BR010,1699.65,May,Q2,Low,0
CLM000296,2025-05-18,2025,2025-05,West,Auto,Low,Open,POL00413,CUST0264,BR048,1794.89,May,Q2,Low,0
CLM000297,2025-07-08,2025,2025-07,East,Health,Medium,Open,POL00096,CUST0375,BR030,2858.23,Jul,Q3,Low,0
CLM000298,2024-12-23,2024,2024-12,South,Auto,Medium,Closed,POL00440,CUST0109,BR032,3758.24,Dec,Q4,Medium,0
CLM000299,2025-05-26,2025,2025-05,South,Health,Medium,Closed,POL00699,CUST0391,BR004,3940.25,May,Q2,Medium,0
CLM000300,2025-11-17,2025,2025-11,West,Health,Low,Closed,POL00001,CUST0220,BR013,2053.05,Nov,Q4,Low,0
CLM000301,2024-03-08,2024,2024-03,Central,Auto,High,Open,POL00096,CUST0336,BR024,3198.35,Mar,Q1,Medium,0
CLM000302,2025-07-10,2025,2025-07,West,Health,Low,Open,POL00240,CUST0220,BR042,1353.77,Jul,Q3,Low,0
CLM000303,2025-02-18,2025,2025-02,North,Health,Low,Closed,POL00010,CUST0005,BR045,1711.49,Feb,Q1,Low,0
CLM000304,2025-03-03,2025,2025-03,South,Property,Medium,Closed,POL00321,CUST0189,BR020,8564.88,Mar,Q1,High,1
CLM000305,2025-03-10,2025,2025-03,West,Property,Low,Closed,POL00169,CUST0226,BR023,3814.99,Mar,Q1,Medium,0
CLM000306,2024-11-17,2024,2024-11,West,Property,Medium,Closed,POL00223,CUST0045,BR007,5470.08,Nov,Q4,Medium,1
CLM000307,2025-03-05,2025,2025-03,East,Health,High,Closed,POL00284,CUST0331,BR006,6198.96,Mar,Q1,High,1
CLM000308,2025-11-04,2025,2025-11,East,Health,Medium,Open,POL00675,CUST0155,BR014,1696.04,Nov,Q4,Low,0
CLM000309,2025-09-18,2025,2025-09,South,Health,Medium,Open,POL00246,CUST0254,BR025,3590.27,Sep,Q3,Medium,0
CLM000310,2025-09-13,2025,2025-09,South,Property,Medium,Closed,POL00583,CUST0216,BR024,6444.79,Sep,Q3,High,1
CLM000311,2025-03-30,2025,2025-03,South,Property,Low,Closed,POL00062,CUST0405,BR026,3845.97,Mar,Q1,Medium,0
CLM000312,2025-11-18,2025,2025-11,West,Property,Low,Closed,POL00551,CUST0316,BR010,5645.31,Nov,Q4,Medium,1
CLM000313,2025-06-08,2025,2025-06,South,Property,Medium,Open,POL00666,CUST0349,BR042,9234.4,Jun,Q2,High,1
CLM000314,2025-12-24,2025,2025-12,South,Property,Low,Pending,POL00119,CUST0233,BR040,5517.6,Dec,Q4,Medium,1
CLM000315,2024-06-07,2024,2024-06,West,Property,Low,Closed,POL00141,CUST0360,BR001,4974.48,Jun,Q2,Medium,1
CLM000316,2025-06-27,2025,2025-06,East,Property,Medium,Closed,POL00276,CUST0376,BR008,4903.72,Jun,Q2,Medium,1
CLM000317,2024-01-16,2024,2024-01,South,Health,Medium,Closed,POL00591,CUST0322,BR005,3085.07,Jan,Q1,Medium,0
CLM000318,2025-09-19,2025,2025-09,South,Health,Medium,Closed,POL00106,CUST0294,BR044,2659.53,Sep,Q3,Low,0
CLM000319,2024-04-26,2024,2024-04,West,Auto,Medium,Closed,POL00048,CUST0242,BR024,3500.45,Apr,Q2,Medium,0
CLM000320,2025-03-18,2025,2025-03,North,Property,Low,Closed,POL00672,CUST0215,BR015,2937.5,Mar,Q1,Low,0
CLM000321,2025-08-02,2025,2025-08,Central,Auto,Medium,Closed,POL00690,CUST0027,BR012,2839.79,Aug,Q3,Low,0
CLM000322,2025-09-22,2025,2025-09,Central,Property,Low,Closed,POL00319,CUST0168,BR006,3407.76,Sep,Q3,Medium,0
CLM000323,2025-01-05,2025,2025-01,South,Auto,Medium,Closed,POL00378,CUST0303,BR032,3092.16,Jan,Q1,Medium,0
CLM000324,2024-04-10,2024,2024-04,West,Health,Medium,Closed,POL00420,CUST0013,BR015,4679.85,Apr,Q2,Medium,1
CLM000325,2025-11-22,2025,2025-11,West,Property,High,Open,POL00107,CUST0106,BR034,8557.66,Nov,Q4,High,1
CLM000326,2024-08-02,2024,2024-08,East,Auto,High,Closed,POL00096,CUST0023,BR015,2950.24,Aug,Q3,Low,0
CLM000327,2024-09-23,2024,2024-09,South,Property,Low,Open,POL00595,CUST0049,BR033,5102.36,Sep,Q3,Medium,1
CLM000328,2025-07-21,2025,2025-07,North,Health,Low,Closed,POL00268,CUST0162,BR026,1738.28,Jul,Q3,Low,0
CLM000329,2024-06-16,2024,2024-06,South,Auto,Low,Closed,POL00599,CUST0056,BR010,2519.38,Jun,Q2,Low,0
CLM000330,2025-08-19,2025,2025-08,East,Health,Medium,Closed,POL00316,CUST0238,BR017,2599.36,Aug,Q3,Low,0
CLM000331,2024-02-16,2024,2024-02,North,Property,Medium,Closed,POL00042,CUST0111,BR021,4182.04,Feb,Q1,Medium,0
CLM000332,2025-12-31,2025,2025-12,South,Auto,Low,Closed,POL00179,CUST0016,BR026,1804.68,Dec,Q4,Low,0
CLM000333,2024-10-11,2024,2024-10,West,Auto,Low,Open,POL00144,CUST0063,BR001,1925.41,Oct,Q4,Low,0
CLM000334,2025-04-24,2025,2025-04,North,Property,Low,Closed,POL00597,CUST0301,BR017,2425.66,Apr,Q2,Low,0
CLM000335,2024-02-08,2024,2024-02,North,Auto,High,Closed,POL00132,CUST0048,BR022,6682.13,Feb,Q1,High,1
CLM000336,2025-08-25,2025,2025-08,North,Property,Low,Closed,POL00392,CUST0350,BR028,2920.16,Aug,Q3,Low,0
CLM000337,2025-04-20,2025,2025-04,West,Property,Medium,Closed,POL00511,CUST0211,BR036,4797.79,Apr,Q2,Medium,1
CLM000338,2025-02-14,2025,2025-02,South,Auto,Low,Closed,POL00646,CUST0411,BR035,2207.67,Feb,Q1,Low,0
CLM000339,2024-07-14,2024,2024-07,West,Auto,Medium,Closed,POL00580,CUST0258,BR021,3610.91,Jul,Q3,Medium,0
CLM000340,2025-04-03,2025,2025-04,North,Health,Low,Closed,POL00484,CUST0272,BR023,1081.67,Apr,Q2,Low,0
CLM000341,2024-04-29,2024,2024-04,Central,Auto,Medium,Closed,POL00058,CUST0392,BR015,1687.34,Apr,Q2,Low,0
CLM000342,2025-07-18,2025,2025-07,South,Property,Medium,Closed,POL00368,CUST0303,BR002,7533.28,Jul,Q3,High,1
CLM000343,2024-06-29,2024,2024-06,Central,Health,Medium,Closed,POL00505,CUST0278,BR020,1765.02,Jun,Q2,Low,0
CLM000344,2025-01-20,2025,2025-01,North,Auto,Low,Closed,POL00629,CUST0104,BR009,1532.48,Jan,Q1,Low,0
CLM000345,2025-04-01,2025,2025-04,West,Property,High,Open,POL00539,CUST0187,BR005,10319.85,Apr,Q2,Extreme,1
CLM000346,2025-12-06,2025,2025-12,South,Property,High,Open,POL00499,CUST0333,BR021,14255.05,Dec,Q4,Extreme,1
CLM000347,2025-10-15,2025,2025-10,West,Property,Medium,Closed,POL00180,CUST0194,BR020,3858.39,Oct,Q4,Medium,0
CLM000348,2024-05-30,2024,2024-05,North,Property,High,Pending,POL00401,CUST0395,BR037,4876.0,May,Q2,Medium,1
CLM000349,2025-11-05,2025,2025-11,South,Property,Medium,Closed,POL00509,CUST0073,BR022,5379.44,Nov,Q4,Medium,1
CLM000350,2024-05-01,2024,2024-05,South,Auto,Medium,Pending,POL00687,CUST0328,BR047,3132.05,May,Q2,Medium,0
CLM000351,2024-08-16,2024,2024-08,North,Auto,Medium,Closed,POL00111,CUST0369,BR001,2787.4,Aug,Q3,Low,0
CLM000352,2025-08-13,2025,2025-08,West,Property,High,Closed,POL00560,CUST0193,BR007,20395.36,Aug,Q3,Extreme,1
CLM000353,2024-10-22,2024,2024-10,West,Property,Low,Closed,POL00035,CUST0151,BR002,4252.82,Oct,Q4,Medium,0
CLM000354,2025-02-23,2025,2025-02,North,Auto,Low,Closed,POL00096,CUST0174,BR039,1730.37,Feb,Q1,Low,0
CLM000355,2024-09-04,2024,2024-09,West,Health,Medium,Closed,POL00445,CUST0081,BR004,2235.07,Sep,Q3,Low,0
CLM000356,2025-04-16,2025,2025-04,Central,Health,Medium,Closed,POL00677,CUST0145,BR020,1391.51,Apr,Q2,Low,0
CLM000357,2025-01-26,2025,2025-01,South,Property,Low,Open,POL00641,CUST0308,BR031,4123.63,Jan,Q1,Medium,0
CLM000358,2025-01-14,2025,2025-01,South,Health,High,Closed,POL00408,CUST0242,BR032,5091.46,Jan,Q1,Medium,1
CLM000359,2024-05-15,2024,2024-05,North,Health,Low,Open,POL00379,CUST0096,BR029,1209.14,May,Q2,Low,0
CLM000360,2025-08-14,2025,2025-08,North,Property,Medium,Closed,POL00353,CUST0414,BR035,3835.9,Aug,Q3,Medium,0
CLM000361,2025-10-29,2025,2025-10,South,Auto,Low,Pending,POL00487,CUST0294,BR016,2962.97,Oct,Q4,Low,0
CLM000362,2025-02-10,2025,2025-02,South,Property,Low,Closed,POL00586,CUST0347,BR040,7097.01,Feb,Q1,High,1
CLM000363,2025-08-18,2025,2025-08,North,Property,High,Closed,POL00434,CUST0041,BR044,9371.97,Aug,Q3,High,1
CLM000364,2025-11-18,2025,2025-11,North,Health,Low,Open,POL00090,CUST0199,BR036,1516.51,Nov,Q4,Low,0
CLM000365,2025-06-16,2025,2025-06,West,Property,Medium,Open,POL00116,CUST0213,BR010,8154.98,Jun,Q2,High,1
CLM000366,2025-10-29,2025,2025-10,North,Property,High,Open,POL00353,CUST0211,BR017,8460.11,Oct,Q4,High,1
CLM000367,2025-09-06,2025,2025-09,East,Health,Low,Closed,POL00698,CUST0356,BR026,1353.85,Sep,Q3,Low,0
CLM000368,2025-06-19,2025,2025-06,West,Auto,Low,Closed,POL00346,CUST0419,BR020,2297.6,Jun,Q2,Low,0
CLM000369,2025-09-09,2025,2025-09,Central,Property,High,Closed,POL00454,CUST0397,BR021,9066.76,Sep,Q3,High,1
CLM000370,2025-08-02,2025,2025-08,East,Auto,Low,Closed,POL00497,CUST0389,BR034,1326.4,Aug,Q3,Low,0
CLM000371,2024-01-29,2024,2024-01,East,Auto,Low,Closed,POL00139,CUST0400,BR034,1437.28,Jan,Q1,Low,0
CLM000372,2024-01-15,2024,2024-01,North,Property,Low,Closed,POL00034,CUST0234,BR004,2999.84,Jan,Q1,Low,0
CLM000373,2024-12-26,2024,2024-12,South,Auto,Low,Closed,POL00127,CUST0349,BR002,3365.14,Dec,Q4,Medium,0
CLM000374,2025-09-08,2025,2025-09,East,Auto,High,Closed,POL00168,CUST0133,BR048,7701.75,Sep,Q3,High,1
CLM000375,2024-02-16,2024,2024-02,South,Health,Low,Closed,POL00220,CUST0114,BR042,3097.76,Feb,Q1,Medium,0
CLM000376,2025-04-16,2025,2025-04,South,Health,Low,Open,POL00010,CUST0243,BR009,1359.81,Apr,Q2,Low,0
CLM000377,2024-11-03,2024,2024-11,West,Auto,Medium,Pending,POL00659,CUST0141,BR028,4240.78,Nov,Q4,Medium,0
CLM000378,2024-06-27,2024,2024-06,East,Auto,Low,Closed,POL00639,CUST0204,BR038,1519.44,Jun,Q2,Low,0
CLM000379,2025-09-19,2025,2025-09,Central,Property,Medium,Closed,POL00290,CUST0153,BR044,9924.49,Sep,Q3,High,1
CLM000380,2025-02-02,2025,2025-02,South,Auto,Low,Closed,POL00668,CUST0153,BR013,1861.75,Feb,Q1,Low,0
CLM000381,2025-05-04,2025,2025-05,Central,Property,Medium,Closed,POL00698,CUST0072,BR047,3437.25,May,Q2,Medium,0
CLM000382,2025-09-12,2025,2025-09,Central,Auto,Low,Closed,POL00586,CUST0418,BR013,1335.32,Sep,Q3,Low,0
CLM000383,2025-04-24,2025,2025-04,West,Health,Low,Closed,POL00308,CUST0088,BR043,783.17,Apr,Q2,Very Low,0
CLM000384,2024-04-02,2024,2024-04,South,Health,Medium,Open,POL00573,CUST0391,BR012,2021.58,Apr,Q2,Low,0
CLM000385,2024-06-20,2024,2024-06,West,Auto,Low,Open,POL00431,CUST0404,BR022,1437.51,Jun,Q2,Low,0
CLM000386,2025-10-27,2025,2025-10,South,Property,Low,Closed,POL00636,CUST0037,BR031,4374.76,Oct,Q4,Medium,0
CLM000387,2024-09-13,2024,2024-09,North,Property,Medium,Closed,POL00155,CUST0071,BR013,4733.66,Sep,Q3,Medium,1
CLM000388,2025-10-19,2025,2025-10,Central,Property,Low,Closed,POL00083,CUST0250,BR022,5335.64,Oct,Q4,Medium,1
CLM000389,2024-03-31,2024,2024-03,South,Auto,Low,Closed,POL00173,CUST0296,BR049,2824.18,Mar,Q1,Low,0
CLM000390,2025-02-15,2025,2025-02,North,Health,Low,Closed,POL00005,CUST0020,BR035,1076.69,Feb,Q1,Low,0
CLM000391,2025-07-11,2025,2025-07,Central,Property,Medium,Closed,POL00005,CUST0321,BR047,3367.36,Jul,Q3,Medium,0
CLM000392,2025-12-22,2025,2025-12,Central,Auto,Low,Closed,POL00067,CUST0024,BR020,1956.44,Dec,Q4,Low,0
CLM000393,2024-08-21,2024,2024-08,West,Health,Low,Open,POL00138,CUST0176,BR032,850.46,Aug,Q3,Very Low,0
CLM000394,2025-04-07,2025,2025-04,South,Property,High,Closed,POL00023,CUST0302,BR033,24950.76,Apr,Q2,Extreme,1
CLM000395,2025-07-07,2025,2025-07,West,Property,Low,Open,POL00639,CUST0025,BR039,5806.96,Jul,Q3,Medium,1
CLM000396,2024-12-04,2024,2024-12,North,Property,Low,Closed,POL00455,CUST0195,BR008,2138.38,Dec,Q4,Low,0
CLM000397,2025-08-31,2025,2025-08,West,Property,Low,Closed,POL00638,CUST0311,BR045,2109.93,Aug,Q3,Low,0
CLM000398,2025-02-23,2025,2025-02,East,Health,Low,Closed,POL00624,CUST0103,BR050,2010.48,Feb,Q1,Low,0
CLM000399,2025-09-25,2025,2025-09,Central,Auto,Low,Closed,POL00213,CUST0353,BR031,1582.28,Sep,Q3,Low,0
CLM000400,2025-01-02,2025,2025-01,North,Auto,Low,Closed,POL00093,CUST0400,BR033,2822.3,Jan,Q1,Low,0
CLM000401,2025-02-21,2025,2025-02,Central,Health,Low,Closed,POL00052,CUST0052,BR012,678.68,Feb,Q1,Very Low,0
CLM000402,2024-05-28,2024,2024-05,South,Property,Low,Closed,POL00047,CUST0005,BR009,2758.21,May,Q2,Low,0
CLM000403,2024-03-28,2024,2024-03,South,Property,High,Closed,POL00096,CUST0191,BR022,10792.79,Mar,Q1,Extreme,1
CLM000404,2025-07-25,2025,2025-07,South,Health,Medium,Closed,POL00432,CUST0333,BR011,3013.75,Jul,Q3,Medium,0
CLM000405,2025-12-23,2025,2025-12,East,Property,Medium,Closed,POL00449,CUST0093,BR040,4158.35,Dec,Q4,Medium,0
CLM000406,2025-07-03,2025,2025-07,East,Property,High,Open,POL00495,CUST0250,BR008,11501.68,Jul,Q3,Extreme,1
CLM000407,2024-08-13,2024,2024-08,North,Auto,Low,Closed,POL00695,CUST0269,BR050,1032.31,Aug,Q3,Low,0
CLM000408,2024-10-16,2024,2024-10,South,Property,High,Closed,POL00634,CUST0049,BR028,10249.31,Oct,Q4,Extreme,1
CLM000409,2024-05-07,2024,2024-05,East,Property,Medium,Closed,POL00572,CUST0314,BR004,4161.58,May,Q2,Medium,0
CLM000410,2025-03-22,2025,2025-03,East,Health,Low,Open,POL00329,CUST0124,BR022,1498.66,Mar,Q1,Low,0
CLM000411,2024-01-26,2024,2024-01,East,Health,Low,Open,POL00081,CUST0236,BR029,1316.18,Jan,Q1,Low,0
CLM000412,2024-08-17,2024,2024-08,North,Health,Low,Pending,POL00670,CUST0010,BR007,728.58,Aug,Q3,Very Low,0
CLM000413,2025-01-19,2025,2025-01,East,Auto,Low,Closed,POL00312,CUST0261,BR036,1016.21,Jan,Q1,Low,0
CLM000414,2025-12-10,2025,2025-12,East,Auto,Medium,Open,POL00340,CUST0287,BR050,4531.42,Dec,Q4,Medium,0
CLM000415,2024-08-30,2024,2024-08,West,Auto,Low,Closed,POL00675,CUST0114,BR001,2106.27,Aug,Q3,Low,0
CLM000416,2025-11-21,2025,2025-11,Central,Auto,Medium,Closed,POL00169,CUST0253,BR009,2112.37,Nov,Q4,Low,0
CLM000417,2024-07-28,2024,2024-07,North,Health,Low,Pending,POL00403,CUST0111,BR030,1858.68,Jul,Q3,Low,0
CLM000418,2024-04-07,2024,2024-04,West,Auto,Low,Pending,POL00689,CUST0302,BR008,1952.47,Apr,Q2,Low,0
CLM000419,2024-08-18,2024,2024-08,East,Health,Low,Pending,POL00005,CUST0272,BR048,1550.26,Aug,Q3,Low,0
CLM000420,2025-08-10,2025,2025-08,West,Health,Low,Closed,POL00593,CUST0089,BR047,1686.38,Aug,Q3,Low,0
CLM000421,2024-02-23,2024,2024-02,South,Health,High,Closed,POL00394,CUST0215,BR039,9497.29,Feb,Q1,High,1
CLM000422,2024-05-07,2024,2024-05,South,Property,High,Closed,POL00137,CUST0071,BR027,19913.79,May,Q2,Extreme,1
CLM000423,2024-09-19,2024,2024-09,South,Property,High,Closed,POL00567,CUST0324,BR014,9874.01,Sep,Q3,High,1
CLM000424,2025-11-16,2025,2025-11,West,Property,High,Closed,POL00556,CUST0356,BR041,17098.36,Nov,Q4,Extreme,1
CLM000425,2025-03-01,2025,2025-03,West,Health,Medium,Closed,POL00691,CUST0383,BR035,3440.66,Mar,Q1,Medium,0
CLM000426,2025-08-05,2025,2025-08,West,Property,Low,Open,POL00165,CUST0147,BR044,6204.5,Aug,Q3,High,1
CLM000427,2025-02-01,2025,2025-02,North,Property,Low,Open,POL00576,CUST0115,BR048,2193.25,Feb,Q1,Low,0
CLM000428,2024-07-18,2024,2024-07,South,Property,Medium,Closed,POL00681,CUST0025,BR025,7208.83,Jul,Q3,High,1
CLM000429,2025-12-17,2025,2025-12,South,Health,Low,Closed,POL00454,CUST0116,BR041,2576.33,Dec,Q4,Low,0
CLM000430,2024-11-27,2024,2024-11,South,Health,Medium,Closed,POL00199,CUST0151,BR029,1313.02,Nov,Q4,Low,0
CLM000431,2025-12-16,2025,2025-12,South,Property,Low,Closed,POL00165,CUST0300,BR017,2743.06,Dec,Q4,Low,0
CLM000432,2025-08-27,2025,2025-08,West,Auto,Low,Closed,POL00641,CUST0316,BR043,1120.45,Aug,Q3,Low,0
CLM000433,2025-10-21,2025,2025-10,East,Auto,Medium,Pending,POL00534,CUST0035,BR033,2636.77,Oct,Q4,Low,0
CLM000434,2025-10-06,2025,2025-10,East,Auto,Low,Closed,POL00370,CUST0151,BR014,2234.82,Oct,Q4,Low,0
CLM000435,2024-11-12,2024,2024-11,East,Property,Medium,Pending,POL00010,CUST0059,BR043,6750.5,Nov,Q4,High,1
CLM000436,2025-05-04,2025,2025-05,Central,Health,Medium,Closed,POL00329,CUST0196,BR008,2028.32,May,Q2,Low,0
CLM000437,2025-10-04,2025,2025-10,West,Auto,Low,Closed,POL00521,CUST0229,BR032,4044.97,Oct,Q4,Medium,0
CLM000438,2025-11-30,2025,2025-11,South,Health,High,Pending,POL00551,CUST0274,BR001,3474.88,Nov,Q4,Medium,0
CLM000439,2024-04-17,2024,2024-04,West,Property,High,Closed,POL00107,CUST0106,BR035,5495.33,Apr,Q2,Medium,1
CLM000440,2024-08-10,2024,2024-08,West,Property,Medium,Closed,POL00471,CUST0368,BR022,5148.92,Aug,Q3,Medium,1
CLM000441,2025-02-07,2025,2025-02,North,Property,Medium,Closed,POL00265,CUST0209,BR025,5861.22,Feb,Q1,Medium,1
CLM000442,2025-07-27,2025,2025-07,South,Auto,Medium,Closed,POL00634,CUST0033,BR049,4070.65,Jul,Q3,Medium,0
CLM000443,2024-01-24,2024,2024-01,West,Auto,High,Closed,POL00309,CUST0311,BR006,2879.69,Jan,Q1,Low,0
CLM000444,2025-08-13,2025,2025-08,South,Property,Medium,Open,POL00559,CUST0152,BR041,6704.96,Aug,Q3,High,1
CLM000445,2025-12-13,2025,2025-12,Central,Property,High,Pending,POL00012,CUST0284,BR036,5550.37,Dec,Q4,Medium,1
CLM000446,2025-01-22,2025,2025-01,North,Health,Medium,Closed,POL00353,CUST0109,BR027,2776.03,Jan,Q1,Low,0
CLM000447,2024-09-19,2024,2024-09,North,Auto,Medium,Closed,POL00118,CUST0093,BR043,2842.26,Sep,Q3,Low,0
CLM000448,2024-01-28,2024,2024-01,Central,Property,High,Closed,POL00563,CUST0038,BR019,5168.69,Jan,Q1,Medium,1
CLM000449,2024-05-08,2024,2024-05,North,Property,Low,Closed,POL00132,CUST0344,BR042,2105.19,May,Q2,Low,0
CLM000450,2025-05-26,2025,2025-05,East,Property,Low,Closed,POL00314,CUST0356,BR038,2015.95,May,Q2,Low,0
CLM000451,2025-10-18,2025,2025-10,South,Property,Low,Open,POL00447,CUST0142,BR024,4060.38,Oct,Q4,Medium,0
CLM000452,2025-06-19,2025,2025-06,Central,Health,Low,Closed,POL00180,CUST0331,BR039,1656.57,Jun,Q2,Low,0
CLM000453,2025-05-24,2025,2025-05,Central,Auto,Medium,Open,POL00079,CUST0373,BR005,1944.06,May,Q2,Low,0
CLM000454,2024-09-16,2024,2024-09,West,Property,Medium,Open,POL00218,CUST0019,BR036,6262.91,Sep,Q3,High,1
CLM000455,2025-10-04,2025,2025-10,East,Property,Low,Open,POL00298,CUST0069,BR030,2425.96,Oct,Q4,Low,0
CLM000456,2025-02-16,2025,2025-02,South,Health,Medium,Open,POL00629,CUST0351,BR011,2246.19,Feb,Q1,Low,0
CLM000457,2024-03-12,2024,2024-03,East,Auto,High,Closed,POL00150,CUST0377,BR047,4346.59,Mar,Q1,Medium,0
CLM000458,2025-07-03,2025,2025-07,North,Property,Low,Closed,POL00685,CUST0106,BR034,2139.93,Jul,Q3,Low,0
CLM000459,2024-07-03,2024,2024-07,South,Property,High,Closed,POL00665,CUST0166,BR007,8875.24,Jul,Q3,High,1
CLM000460,2024-09-23,2024,2024-09,West,Auto,Medium,Closed,POL00584,CUST0090,BR025,2054.8,Sep,Q3,Low,0
CLM000461,2024-07-06,2024,2024-07,East,Property,Low,Closed,POL00229,CUST0265,BR026,4761.77,Jul,Q3,Medium,1
CLM000462,2025-06-26,2025,2025-06,East,Health,Medium,Closed,POL00170,CUST0118,BR005,2112.11,Jun,Q2,Low,0
CLM000463,2025-05-24,2025,2025-05,South,Auto,Low,Closed,POL00236,CUST0213,BR022,1933.86,May,Q2,Low,0
CLM000464,2024-09-03,2024,2024-09,West,Health,Medium,Closed,POL00421,CUST0012,BR016,2424.98,Sep,Q3,Low,0
CLM000465,2025-10-21,2025,2025-10,East,Auto,Low,Closed,POL00171,CUST0133,BR012,1671.48,Oct,Q4,Low,0
CLM000466,2025-07-27,2025,2025-07,East,Health,Low,Closed,POL00291,CUST0044,BR014,1158.56,Jul,Q3,Low,0
CLM000467,2025-08-30,2025,2025-08,Central,Auto,Medium,Open,POL00187,CUST0320,BR043,3403.28,Aug,Q3,Medium,0
CLM000468,2025-03-27,2025,2025-03,West,Auto,Low,Closed,POL00395,CUST0068,BR007,2981.98,Mar,Q1,Low,0
CLM000469,2025-09-25,2025,2025-09,South,Property,Medium,Closed,POL00040,CUST0402,BR035,5745.2,Sep,Q3,Medium,1
CLM000470,2025-03-02,2025,2025-03,North,Property,High,Closed,POL00695,CUST0333,BR028,7958.6,Mar,Q1,High,1
CLM000471,2025-07-09,2025,2025-07,Central,Property,Low,Closed,POL00391,CUST0180,BR038,2513.01,Jul,Q3,Low,0
CLM000472,2024-12-22,2024,2024-12,East,Health,Low,Open,POL00086,CUST0146,BR039,458.4,Dec,Q4,Very Low,0
CLM000473,2024-07-28,2024,2024-07,South,Auto,Medium,Closed,POL00536,CUST0061,BR034,1985.91,Jul,Q3,Low,0
CLM000474,2025-12-02,2025,2025-12,West,Property,Medium,Closed,POL00549,CUST0217,BR037,10334.47,Dec,Q4,Extreme,1
CLM000475,2025-05-22,2025,2025-05,Central,Health,Low,Closed,POL00184,CUST0190,BR036,2108.95,May,Q2,Low,0
CLM000476,2025-05-10,2025,2025-05,Central,Health,Medium,Closed,POL00676,CUST0061,BR048,1811.43,May,Q2,Low,0
CLM000477,2025-12-25,2025,2025-12,Central,Auto,Low,Open,POL00629,CUST0357,BR044,2015.26,Dec,Q4,Low,0
CLM000478,2024-03-23,2024,2024-03,South,Health,Medium,Open,POL00483,CUST0308,BR028,2709.68,Mar,Q1,Low,0
CLM000479,2025-05-15,2025,2025-05,South,Auto,Low,Pending,POL00629,CUST0336,BR034,7257.45,May,Q2,High,1
CLM000480,2025-11-02,2025,2025-11,North,Property,Low,Closed,POL00673,CUST0412,BR034,4549.24,Nov,Q4,Medium,0
CLM000481,2025-01-18,2025,2025-01,West,Health,Medium,Closed,POL00369,CUST0123,BR042,2624.81,Jan,Q1,Low,0
CLM000482,2025-03-22,2025,2025-03,North,Auto,Low,Closed,POL00206,CUST0266,BR001,1309.8,Mar,Q1,Low,0
CLM000483,2024-02-05,2024,2024-02,Central,Health,Medium,Closed,POL00597,CUST0179,BR023,923.27,Feb,Q1,Very Low,0
CLM000484,2024-05-21,2024,2024-05,South,Property,Low,Closed,POL00005,CUST0134,BR012,3653.1,May,Q2,Medium,0
CLM000485,2025-02-24,2025,2025-02,West,Property,Low,Closed,POL00589,CUST0129,BR045,2949.19,Feb,Q1,Low,0
CLM000486,2025-07-13,2025,2025-07,East,Property,Medium,Closed,POL00472,CUST0301,BR002,2959.01,Jul,Q3,Low,0
CLM000487,2025-05-13,2025,2025-05,North,Health,High,Closed,POL00324,CUST0212,BR023,3327.4,May,Q2,Medium,0
CLM000488,2025-01-05,2025,2025-01,West,Auto,Low,Open,POL00351,CUST0039,BR036,1566.62,Jan,Q1,Low,0
CLM000489,2024-08-31,2024,2024-08,South,Auto,Medium,Closed,POL00700,CUST0098,BR032,6091.5,Aug,Q3,High,1
CLM000490,2024-04-30,2024,2024-04,West,Property,Low,Closed,POL00256,CUST0317,BR023,4288.67,Apr,Q2,Medium,0
CLM000491,2025-02-24,2025,2025-02,North,Auto,High,Closed,POL00555,CUST0022,BR031,5778.85,Feb,Q1,Medium,1
CLM000492,2025-06-11,2025,2025-06,East,Property,High,Closed,POL00524,CUST0144,BR026,15525.38,Jun,Q2,Extreme,1
CLM000493,2025-10-23,2025,2025-10,North,Health,Low,Closed,POL00356,CUST0202,BR044,1353.77,Oct,Q4,Low,0
CLM000494,2024-08-22,2024,2024-08,Central,Property,Low,Closed,POL00013,CUST0346,BR014,1677.74,Aug,Q3,Low,0
CLM000495,2025-02-21,2025,2025-02,South,Health,Low,Closed,POL00483,CUST0314,BR022,3031.36,Feb,Q1,Medium,0
CLM000496,2025-09-13,2025,2025-09,South,Health,Medium,Closed,POL00462,CUST0093,BR037,3579.99,Sep,Q3,Medium,0
CLM000497,2025-10-22,2025,2025-10,West,Property,Medium,Closed,POL00391,CUST0101,BR010,4455.07,Oct,Q4,Medium,0
CLM000498,2024-03-17,2024,2024-03,East,Auto,Low,Closed,POL00646,CUST0265,BR035,1333.16,Mar,Q1,Low,0
CLM000499,2024-09-06,2024,2024-09,South,Health,Medium,Closed,POL00168,CUST0031,BR014,1788.59,Sep,Q3,Low,0
CLM000500,2024-08-31,2024,2024-08,West,Auto,Medium,Closed,POL00369,CUST0287,BR036,1926.02,Aug,Q3,Low,0
CLM000501,2024-05-11,2024,2024-05,South,Health,Low,Closed,POL00621,CUST0102,BR037,2016.23,May,Q2,Low,0
CLM000502,2025-11-29,2025,2025-11,East,Property,Low,Closed,POL00458,CUST0041,BR025,5697.98,Nov,Q4,Medium,1
CLM000503,2024-08-25,2024,2024-08,West,Auto,Low,Open,POL00346,CUST0216,BR041,1149.25,Aug,Q3,Low,0
CLM000504,2024-07-26,2024,2024-07,Central,Auto,Low,Closed,POL00325,CUST0335,BR019,1644.02,Jul,Q3,Low,0
CLM000505,2024-11-05,2024,2024-11,West,Auto,Low,Open,POL00372,CUST0383,BR038,1493.14,Nov,Q4,Low,0
CLM000506,2025-08-19,2025,2025-08,South,Auto,Low,Closed,POL00082,CUST0108,BR011,2083.24,Aug,Q3,Low,0
CLM000507,2025-02-18,2025,2025-02,South,Property,High,Closed,POL00269,CUST0317,BR010,10681.96,Feb,Q1,Extreme,1
CLM000508,2025-07-19,2025,2025-07,South,Auto,Low,Closed,POL00175,CUST0015,BR003,1825.81,Jul,Q3,Low,0
CLM000509,2024-06-15,2024,2024-06,Central,Health,High,Pending,POL00562,CUST0228,BR009,3130.72,Jun,Q2,Medium,0
CLM000510,2024-12-23,2024,2024-12,East,Health,Low,Open,POL00578,CUST0223,BR034,767.08,Dec,Q4,Very Low,0
CLM000511,2024-09-30,2024,2024-09,South,Auto,Medium,Open,POL00453,CUST0158,BR024,3710.09,Sep,Q3,Medium,0
CLM000512,2025-03-21,2025,2025-03,South,Auto,Medium,Closed,POL00481,CUST0274,BR001,4045.73,Mar,Q1,Medium,0
CLM000513,2024-09-08,2024,2024-09,Central,Health,Low,Closed,POL00300,CUST0306,BR015,894.02,Sep,Q3,Very Low,0
CLM000514,2024-10-07,2024,2024-10,South,Health,Medium,Closed,POL00168,CUST0367,BR048,1768.7,Oct,Q4,Low,0
CLM000515,2024-07-12,2024,2024-07,South,Auto,Medium,Closed,POL00628,CUST0414,BR045,2758.05,Jul,Q3,Low,0
CLM000516,2024-05-25,2024,2024-05,West,Health,Low,Closed,POL00071,CUST0094,BR009,1758.55,May,Q2,Low,0
CLM000517,2025-11-23,2025,2025-11,East,Health,Medium,Closed,POL00156,CUST0026,BR035,2485.98,Nov,Q4,Low,0
CLM000518,2025-02-22,2025,2025-02,South,Property,Low,Closed,POL00431,CUST0160,BR032,2947.83,Feb,Q1,Low,0
CLM000519,2024-08-25,2024,2024-08,West,Auto,Low,Open,POL00150,CUST0029,BR018,1941.33,Aug,Q3,Low,0
CLM000520,2024-02-06,2024,2024-02,East,Auto,High,Closed,POL00391,CUST0007,BR008,5869.9,Feb,Q1,Medium,1
CLM000521,2024-12-31,2024,2024-12,South,Property,Low,Open,POL00035,CUST0102,BR030,1896.62,Dec,Q4,Low,0
CLM000522,2024-02-18,2024,2024-02,East,Property,Low,Closed,POL00320,CUST0166,BR011,2895.45,Feb,Q1,Low,0
CLM000523,2024-01-22,2024,2024-01,West,Health,Low,Closed,POL00306,CUST0102,BR024,1070.56,Jan,Q1,Low,0
CLM000524,2024-12-07,2024,2024-12,South,Auto,Medium,Closed,POL00172,CUST0407,BR018,4121.04,Dec,Q4,Medium,0
CLM000525,2025-07-22,2025,2025-07,West,Auto,Low,Closed,POL00611,CUST0080,BR024,1751.23,Jul,Q3,Low,0
CLM000526,2024-05-07,2024,2024-05,North,Auto,Medium,Pending,POL00641,CUST0031,BR004,1329.21,May,Q2,Low,0
CLM000527,2025-03-20,2025,2025-03,West,Property,Low,Pending,POL00661,CUST0388,BR023,2174.1,Mar,Q1,Low,0
CLM000528,2024-08-12,2024,2024-08,West,Auto,Low,Open,POL00257,CUST0021,BR032,1906.82,Aug,Q3,Low,0
CLM000529,2024-10-13,2024,2024-10,South,Property,Low,Closed,POL00357,CUST0166,BR047,3725.74,Oct,Q4,Medium,0
CLM000530,2025-11-03,2025,2025-11,South,Property,Low,Closed,POL00001,CUST0398,BR041,3024.37,Nov,Q4,Medium,0
CLM000531,2025-04-05,2025,2025-04,Central,Health,Low,Closed,POL00065,CUST0338,BR035,1482.84,Apr,Q2,Low,0
CLM000532,2024-04-07,2024,2024-04,East,Health,Medium,Closed,POL00331,CUST0210,BR042,955.96,Apr,Q2,Very Low,0
CLM000533,2025-02-19,2025,2025-02,East,Property,Low,Closed,POL00102,CUST0017,BR037,2853.91,Feb,Q1,Low,0
CLM000534,2024-07-17,2024,2024-07,West,Health,Medium,Closed,POL00376,CUST0114,BR039,1472.67,Jul,Q3,Low,0
CLM000535,2024-01-07,2024,2024-01,Central,Auto,Low,Open,POL00082,CUST0240,BR041,1074.61,Jan,Q1,Low,0
CLM000536,2025-10-13,2025,2025-10,West,Property,Medium,Closed,POL00632,CUST0137,BR034,6512.14,Oct,Q4,High,1
CLM000537,2025-02-06,2025,2025-02,West,Auto,Low,Closed,POL00237,CUST0273,BR025,1692.68,Feb,Q1,Low,0
CLM000538,2025-09-27,2025,2025-09,West,Health,High,Closed,POL00109,CUST0393,BR041,4558.71,Sep,Q3,Medium,0
CLM000539,2025-12-12,2025,2025-12,East,Property,High,Closed,POL00412,CUST0259,BR022,13153.64,Dec,Q4,Extreme,1
CLM000540,2024-09-30,2024,2024-09,Central,Health,Low,Closed,POL00333,CUST0191,BR027,794.29,Sep,Q3,Very Low,0
CLM000541,2024-08-08,2024,2024-08,West,Auto,Low,Closed,POL00385,CUST0393,BR036,2512.05,Aug,Q3,Low,0
CLM000542,2024-05-10,2024,2024-05,South,Health,High,Closed,POL00036,CUST0146,BR039,3109.14,May,Q2,Medium,0
CLM000543,2025-03-11,2025,2025-03,Central,Auto,Low,Open,POL00023,CUST0396,BR045,1982.56,Mar,Q1,Low,0
CLM000544,2024-10-10,2024,2024-10,East,Health,Medium,Closed,POL00472,CUST0183,BR010,2832.17,Oct,Q4,Low,0
CLM000545,2025-07-07,2025,2025-07,Central,Auto,Low,Closed,POL00583,CUST0112,BR047,693.42,Jul,Q3,Very Low,0
CLM000546,2025-06-16,2025,2025-06,West,Auto,Medium,Closed,POL00098,CUST0305,BR042,2884.56,Jun,Q2,Low,0
CLM000547,2025-10-23,2025,2025-10,South,Property,High,Open,POL00445,CUST0214,BR008,16084.71,Oct,Q4,Extreme,1
CLM000548,2024-04-26,2024,2024-04,West,Property,High,Closed,POL00648,CUST0196,BR004,9290.72,Apr,Q2,High,1
CLM000549,2025-01-22,2025,2025-01,South,Health,Low,Closed,POL00690,CUST0375,BR026,2025.5,Jan,Q1,Low,0
CLM000550,2024-10-31,2024,2024-10,East,Auto,Low,Open,POL00152,CUST0068,BR022,1153.47,Oct,Q4,Low,0
CLM000551,2025-10-20,2025,2025-10,West,Health,Low,Closed,POL00134,CUST0391,BR009,1697.68,Oct,Q4,Low,0
CLM000552,2025-04-12,2025,2025-04,East,Property,Low,Open,POL00253,CUST0125,BR005,2765.8,Apr,Q2,Low,0
CLM000553,2025-08-09,2025,2025-08,South,Property,Low,Closed,POL00357,CUST0098,BR021,6245.98,Aug,Q3,High,1
CLM000554,2025-12-02,2025,2025-12,North,Auto,High,Pending,POL00453,CUST0320,BR010,6334.7,Dec,Q4,High,1
CLM000555,2025-04-30,2025,2025-04,South,Auto,Medium,Closed,POL00056,CUST0125,BR040,4633.94,Apr,Q2,Medium,1
CLM000556,2024-05-27,2024,2024-05,North,Property,Low,Closed,POL00024,CUST0170,BR014,2181.69,May,Q2,Low,0
CLM000557,2024-04-18,2024,2024-04,South,Health,Low,Closed,POL00145,CUST0356,BR045,1229.25,Apr,Q2,Low,0
CLM000558,2024-07-11,2024,2024-07,East,Property,Low,Closed,POL00291,CUST0103,BR045,2057.66,Jul,Q3,Low,0
CLM000559,2024-01-28,2024,2024-01,East,Property,Low,Closed,POL00679,CUST0338,BR024,2748.41,Jan,Q1,Low,0
CLM000560,2024-01-10,2024,2024-01,South,Property,Low,Pending,POL00521,CUST0364,BR007,2935.91,Jan,Q1,Low,0
CLM000561,2024-09-05,2024,2024-09,Central,Health,Low,Closed,POL00469,CUST0288,BR046,1075.75,Sep,Q3,Low,0
CLM000562,2025-05-07,2025,2025-05,Central,Auto,Low,Closed,POL00361,CUST0182,BR041,3405.34,May,Q2,Medium,0
CLM000563,2025-09-14,2025,2025-09,South,Auto,Low,Pending,POL00031,CUST0285,BR018,3351.19,Sep,Q3,Medium,0
CLM000564,2025-06-24,2025,2025-06,Central,Property,Low,Pending,POL00628,CUST0321,BR044,2468.57,Jun,Q2,Low,0
CLM000565,2025-05-04,2025,2025-05,East,Health,Low,Closed,POL00135,CUST0106,BR042,1905.88,May,Q2,Low,0
CLM000566,2025-10-05,2025,2025-10,West,Auto,Low,Open,POL00139,CUST0221,BR050,1983.04,Oct,Q4,Low,0
CLM000567,2025-10-17,2025,2025-10,Central,Auto,Medium,Closed,POL00326,CUST0075,BR047,1345.06,Oct,Q4,Low,0
CLM000568,2025-06-13,2025,2025-06,Central,Health,Low,Pending,POL00653,CUST0379,BR018,833.29,Jun,Q2,Very Low,0
CLM000569,2025-04-07,2025,2025-04,North,Auto,Medium,Closed,POL00581,CUST0314,BR015,1584.65,Apr,Q2,Low,0
CLM000570,2025-04-29,2025,2025-04,West,Auto,Medium,Closed,POL00620,CUST0241,BR046,3371.16,Apr,Q2,Medium,0
CLM000571,2024-04-04,2024,2024-04,Central,Health,Low,Closed,POL00034,CUST0210,BR049,978.29,Apr,Q2,Very Low,0
CLM000572,2024-05-18,2024,2024-05,Central,Auto,Medium,Closed,POL00210,CUST0034,BR012,4045.82,May,Q2,Medium,0
CLM000573,2024-08-12,2024,2024-08,Central,Health,Low,Closed,POL00253,CUST0219,BR026,1089.83,Aug,Q3,Low,0
CLM000574,2024-11-07,2024,2024-11,West,Health,Low,Closed,POL00586,CUST0305,BR035,1250.34,Nov,Q4,Low,0
CLM000575,2025-12-27,2025,2025-12,West,Health,Low,Closed,POL00252,CUST0266,BR035,2201.74,Dec,Q4,Low,0
CLM000576,2025-01-21,2025,2025-01,South,Property,Medium,Closed,POL00293,CUST0237,BR011,3190.39,Jan,Q1,Medium,0
CLM000577,2025-11-10,2025,2025-11,Central,Property,High,Closed,POL00093,CUST0370,BR033,9515.23,Nov,Q4,High,1
CLM000578,2025-10-27,2025,2025-10,Central,Property,Low,Closed,POL00184,CUST0233,BR038,3623.9,Oct,Q4,Medium,0
CLM000579,2024-04-13,2024,2024-04,Central,Auto,Low,Closed,POL00168,CUST0368,BR047,804.61,Apr,Q2,Very Low,0
CLM000580,2025-02-28,2025,2025-02,West,Health,Low,Open,POL00524,CUST0314,BR011,2457.81,Feb,Q1,Low,0
CLM000581,2025-07-14,2025,2025-07,North,Auto,Low,Open,POL00167,CUST0075,BR012,2060.17,Jul,Q3,Low,0
CLM000582,2024-01-27,2024,2024-01,South,Auto,Medium,Closed,POL00642,CUST0093,BR008,2918.43,Jan,Q1,Low,0
CLM000583,2024-04-13,2024,2024-04,North,Property,Low,Closed,POL00511,CUST0279,BR001,3144.74,Apr,Q2,Medium,0
CLM000584,2024-09-09,2024,2024-09,South,Health,Low,Closed,POL00082,CUST0308,BR039,3227.82,Sep,Q3,Medium,0
CLM000585,2025-10-08,2025,2025-10,South,Health,Medium,Closed,POL00057,CUST0335,BR023,3159.44,Oct,Q4,Medium,0
CLM000586,2025-01-17,2025,2025-01,West,Property,Low,Closed,POL00427,CUST0092,BR011,4191.8,Jan,Q1,Medium,0
CLM000587,2024-11-08,2024,2024-11,West,Property,Medium,Closed,POL00467,CUST0384,BR038,4470.28,Nov,Q4,Medium,0
CLM000588,2025-01-19,2025,2025-01,North,Auto,Low,Closed,POL00438,CUST0282,BR005,1359.16,Jan,Q1,Low,0
CLM000589,2025-03-10,2025,2025-03,North,Property,Low,Closed,POL00215,CUST0314,BR004,4111.25,Mar,Q1,Medium,0
CLM000590,2025-11-19,2025,2025-11,East,Auto,Medium,Open,POL00295,CUST0219,BR039,2147.32,Nov,Q4,Low,0
CLM000591,2024-05-12,2024,2024-05,East,Property,Low,Closed,POL00577,CUST0255,BR034,2454.72,May,Q2,Low,0
CLM000592,2024-09-11,2024,2024-09,East,Auto,Medium,Closed,POL00199,CUST0001,BR008,2009.36,Sep,Q3,Low,0
CLM000593,2025-11-17,2025,2025-11,West,Property,Low,Closed,POL00047,CUST0171,BR023,4544.4,Nov,Q4,Medium,0
CLM000594,2025-11-23,2025,2025-11,South,Health,Medium,Closed,POL00308,CUST0260,BR036,3331.84,Nov,Q4,Medium,0
CLM000595,2025-01-04,2025,2025-01,North,Auto,Low,Pending,POL00180,CUST0100,BR022,2631.24,Jan,Q1,Low,0
CLM000596,2024-12-10,2024,2024-12,East,Health,Low,Closed,POL00160,CUST0322,BR030,858.27,Dec,Q4,Very Low,0
CLM000597,2024-10-01,2024,2024-10,Central,Health,Medium,Pending,POL00058,CUST0267,BR020,1473.99,Oct,Q4,Low,0
CLM000598,2025-12-14,2025,2025-12,South,Health,Low,Open,POL00363,CUST0034,BR010,1262.82,Dec,Q4,Low,0
CLM000599,2025-01-16,2025,2025-01,South,Auto,Medium,Closed,POL00192,CUST0305,BR008,3524.52,Jan,Q1,Medium,0
CLM000600,2024-06-06,2024,2024-06,West,Auto,Low,Closed,POL00509,CUST0122,BR024,2139.7,Jun,Q2,Low,0
CLM000601,2025-06-04,2025,2025-06,South,Auto,Low,Open,POL00095,CUST0228,BR033,3219.95,Jun,Q2,Medium,0
CLM000602,2025-09-05,2025,2025-09,Central,Auto,Low,Open,POL00318,CUST0398,BR021,1192.67,Sep,Q3,Low,0
CLM000603,2025-02-20,2025,2025-02,North,Property,Medium,Closed,POL00535,CUST0060,BR001,6946.91,Feb,Q1,High,1
CLM000604,2025-01-23,2025,2025-01,West,Health,Low,Closed,POL00534,CUST0393,BR043,2647.0,Jan,Q1,Low,0
CLM000605,2024-01-12,2024,2024-01,East,Auto,High,Closed,POL00198,CUST0147,BR018,5215.08,Jan,Q1,Medium,1
CLM000606,2025-08-14,2025,2025-08,Central,Property,Medium,Closed,POL00556,CUST0180,BR036,8894.68,Aug,Q3,High,1
CLM000607,2025-03-14,2025,2025-03,Central,Property,Medium,Closed,POL00347,CUST0277,BR029,3517.49,Mar,Q1,Medium,0
CLM000608,2025-01-15,2025,2025-01,West,Property,Low,Closed,POL00607,CUST0323,BR045,2485.87,Jan,Q1,Low,0
CLM000609,2024-11-11,2024,2024-11,South,Auto,Low,Open,POL00547,CUST0041,BR049,1086.56,Nov,Q4,Low,0
CLM000610,2024-10-17,2024,2024-10,North,Property,High,Closed,POL00467,CUST0159,BR044,13471.2,Oct,Q4,Extreme,1
CLM000611,2024-08-26,2024,2024-08,East,Property,Low,Open,POL00265,CUST0187,BR026,3010.16,Aug,Q3,Medium,0
CLM000612,2025-12-07,2025,2025-12,South,Property,Low,Closed,POL00116,CUST0180,BR031,4070.48,Dec,Q4,Medium,0
CLM000613,2025-03-29,2025,2025-03,South,Auto,Medium,Closed,POL00110,CUST0167,BR036,4541.4,Mar,Q1,Medium,0
CLM000614,2024-06-03,2024,2024-06,East,Health,Low,Closed,POL00562,CUST0082,BR031,691.94,Jun,Q2,Very Low,0
CLM000615,2025-06-24,2025,2025-06,South,Property,Low,Closed,POL00351,CUST0279,BR045,9769.13,Jun,Q2,High,1
CLM000616,2025-12-06,2025,2025-12,West,Property,Medium,Closed,POL00611,CUST0238,BR021,6701.33,Dec,Q4,High,1
CLM000617,2025-08-16,2025,2025-08,North,Property,High,Closed,POL00507,CUST0331,BR043,10115.59,Aug,Q3,Extreme,1
CLM000618,2025-04-22,2025,2025-04,West,Property,High,Closed,POL00151,CUST0339,BR010,15688.86,Apr,Q2,Extreme,1
CLM000619,2025-05-30,2025,2025-05,South,Health,Low,Closed,POL00584,CUST0407,BR044,2104.9,May,Q2,Low,0
CLM000620,2025-08-11,2025,2025-08,West,Property,High,Closed,POL00523,CUST0207,BR009,13161.45,Aug,Q3,Extreme,1
CLM000621,2024-02-01,2024,2024-02,South,Health,Low,Closed,POL00368,CUST0057,BR019,1105.61,Feb,Q1,Low,0
CLM000622,2024-04-30,2024,2024-04,South,Health,Medium,Closed,POL00416,CUST0196,BR028,2865.97,Apr,Q2,Low,0
CLM000623,2025-12-06,2025,2025-12,North,Auto,Medium,Closed,POL00428,CUST0079,BR019,5893.5,Dec,Q4,Medium,1
CLM000624,2024-12-09,2024,2024-12,North,Auto,Medium,Closed,POL00499,CUST0337,BR028,4003.58,Dec,Q4,Medium,0
CLM000625,2024-03-10,2024,2024-03,North,Health,Low,Closed,POL00619,CUST0218,BR040,1886.22,Mar,Q1,Low,0
CLM000626,2025-09-18,2025,2025-09,South,Property,Low,Closed,POL00008,CUST0296,BR032,3470.47,Sep,Q3,Medium,0
CLM000627,2024-05-01,2024,2024-05,West,Auto,High,Closed,POL00035,CUST0020,BR037,4199.34,May,Q2,Medium,0
CLM000628,2025-07-08,2025,2025-07,North,Property,High,Pending,POL00287,CUST0239,BR034,9316.28,Jul,Q3,High,1
CLM000629,2025-11-09,2025,2025-11,North,Health,Medium,Closed,POL00649,CUST0277,BR038,2239.25,Nov,Q4,Low,0
CLM000630,2025-01-28,2025,2025-01,Central,Health,Low,Pending,POL00588,CUST0376,BR022,1739.19,Jan,Q1,Low,0
CLM000631,2025-05-31,2025,2025-05,South,Auto,High,Open,POL00578,CUST0134,BR004,4326.41,May,Q2,Medium,0
CLM000632,2024-10-23,2024,2024-10,North,Auto,High,Open,POL00640,CUST0014,BR019,8113.16,Oct,Q4,High,1
CLM000633,2025-03-06,2025,2025-03,South,Property,High,Closed,POL00115,CUST0310,BR012,12435.95,Mar,Q1,Extreme,1
CLM000634,2024-03-18,2024,2024-03,West,Auto,Low,Open,POL00242,CUST0249,BR012,1614.78,Mar,Q1,Low,0
CLM000635,2024-01-17,2024,2024-01,South,Auto,Low,Pending,POL00158,CUST0254,BR049,1420.96,Jan,Q1,Low,0
CLM000636,2024-07-15,2024,2024-07,South,Health,Medium,Closed,POL00354,CUST0028,BR042,1361.64,Jul,Q3,Low,0
CLM000637,2025-03-01,2025,2025-03,North,Health,Low,Pending,POL00546,CUST0120,BR025,1757.55,Mar,Q1,Low,0
CLM000638,2024-07-18,2024,2024-07,East,Auto,High,Closed,POL00460,CUST0196,BR044,4629.8,Jul,Q3,Medium,0
CLM000639,2025-09-29,2025,2025-09,West,Auto,High,Pending,POL00443,CUST0313,BR042,4611.96,Sep,Q3,Medium,0
CLM000640,2024-06-20,2024,2024-06,South,Property,Low,Closed,POL00473,CUST0396,BR044,2162.11,Jun,Q2,Low,0
CLM000641,2024-12-10,2024,2024-12,East,Auto,Low,Closed,POL00185,CUST0161,BR036,1266.99,Dec,Q4,Low,0
CLM000642,2025-01-05,2025,2025-01,West,Property,Low,Closed,POL00198,CUST0018,BR002,6892.34,Jan,Q1,High,1
CLM000643,2024-01-30,2024,2024-01,Central,Property,Medium,Pending,POL00654,CUST0063,BR046,3451.7,Jan,Q1,Medium,0
CLM000644,2024-02-14,2024,2024-02,Central,Auto,Medium,Open,POL00580,CUST0412,BR012,1329.54,Feb,Q1,Low,0
CLM000645,2024-12-22,2024,2024-12,South,Auto,Medium,Closed,POL00465,CUST0142,BR050,3096.85,Dec,Q4,Medium,0
CLM000646,2025-12-08,2025,2025-12,North,Property,Medium,Closed,POL00062,CUST0133,BR017,4657.52,Dec,Q4,Medium,1
CLM000647,2025-02-05,2025,2025-02,East,Property,Medium,Closed,POL00148,CUST0277,BR050,1894.08,Feb,Q1,Low,0
CLM000648,2025-11-11,2025,2025-11,South,Property,Medium,Closed,POL00457,CUST0010,BR032,6787.19,Nov,Q4,High,1
CLM000649,2025-11-24,2025,2025-11,South,Property,Medium,Closed,POL00503,CUST0245,BR028,6380.29,Nov,Q4,High,1
CLM000650,2025-02-05,2025,2025-02,East,Auto,High,Closed,POL00581,CUST0275,BR023,7024.29,Feb,Q1,High,1
CLM000651,2025-06-05,2025,2025-06,West,Property,High,Closed,POL00471,CUST0390,BR050,23244.47,Jun,Q2,Extreme,1
CLM000652,2025-04-14,2025,2025-04,North,Auto,Low,Closed,POL00110,CUST0323,BR045,2714.52,Apr,Q2,Low,0
CLM000653,2025-02-13,2025,2025-02,South,Property,High,Closed,POL00399,CUST0033,BR035,11962.57,Feb,Q1,Extreme,1
CLM000654,2024-09-12,2024,2024-09,East,Property,Low,Pending,POL00038,CUST0174,BR004,1625.28,Sep,Q3,Low,0
CLM000655,2025-01-22,2025,2025-01,South,Auto,Medium,Pending,POL00550,CUST0077,BR048,10134.26,Jan,Q1,Extreme,1
CLM000656,2025-02-06,2025,2025-02,North,Auto,Medium,Pending,POL00047,CUST0125,BR045,3113.88,Feb,Q1,Medium,0
CLM000657,2024-01-08,2024,2024-01,North,Auto,Low,Open,POL00468,CUST0313,BR011,1507.33,Jan,Q1,Low,0
CLM000658,2024-02-02,2024,2024-02,West,Auto,Low,Open,POL00226,CUST0033,BR013,1859.23,Feb,Q1,Low,0
CLM000659,2025-12-14,2025,2025-12,South,Auto,Medium,Closed,POL00219,CUST0392,BR003,4413.09,Dec,Q4,Medium,0
CLM000660,2025-06-21,2025,2025-06,North,Auto,Medium,Closed,POL00169,CUST0225,BR016,2899.72,Jun,Q2,Low,0
CLM000661,2024-01-21,2024,2024-01,North,Property,Medium,Closed,POL00162,CUST0009,BR032,3435.98,Jan,Q1,Medium,0
CLM000662,2025-01-04,2025,2025-01,North,Auto,Medium,Closed,POL00488,CUST0355,BR009,2518.7,Jan,Q1,Low,0
CLM000663,2025-11-24,2025,2025-11,South,Health,Low,Closed,POL00611,CUST0093,BR046,1758.49,Nov,Q4,Low,0
CLM000664,2025-02-15,2025,2025-02,South,Property,Low,Closed,POL00098,CUST0317,BR024,3431.56,Feb,Q1,Medium,0
CLM000665,2024-10-03,2024,2024-10,East,Health,Medium,Closed,POL00055,CUST0100,BR008,1332.42,Oct,Q4,Low,0
CLM000666,2024-12-16,2024,2024-12,Central,Property,Low,Closed,POL00045,CUST0028,BR042,2354.08,Dec,Q4,Low,0
CLM000667,2025-04-18,2025,2025-04,South,Auto,Medium,Closed,POL00054,CUST0276,BR012,3765.97,Apr,Q2,Medium,0
CLM000668,2025-01-15,2025,2025-01,East,Auto,High,Closed,POL00334,CUST0215,BR013,9319.41,Jan,Q1,High,1
CLM000669,2024-06-15,2024,2024-06,South,Auto,Low,Closed,POL00423,CUST0103,BR025,800.7,Jun,Q2,Very Low,0
CLM000670,2024-02-07,2024,2024-02,East,Health,High,Closed,POL00625,CUST0233,BR012,4760.6,Feb,Q1,Medium,1
CLM000671,2025-03-11,2025,2025-03,East,Auto,Low,Closed,POL00033,CUST0355,BR037,2688.95,Mar,Q1,Low,0
CLM000672,2025-03-11,2025,2025-03,North,Health,Low,Closed,POL00303,CUST0310,BR011,637.71,Mar,Q1,Very Low,0
CLM000673,2024-11-22,2024,2024-11,Central,Property,Medium,Closed,POL00236,CUST0045,BR027,3352.76,Nov,Q4,Medium,0
CLM000674,2024-09-07,2024,2024-09,Central,Auto,Low,Closed,POL00015,CUST0374,BR028,1185.42,Sep,Q3,Low,0
CLM000675,2024-05-06,2024,2024-05,South,Health,Low,Pending,POL00153,CUST0294,BR001,890.86,May,Q2,Very Low,0
CLM000676,2025-01-23,2025,2025-01,West,Property,Medium,Open,POL00101,CUST0232,BR032,4878.53,Jan,Q1,Medium,1
CLM000677,2025-10-13,2025,2025-10,West,Property,Low,Closed,POL00245,CUST0332,BR006,2605.31,Oct,Q4,Low,0
CLM000678,2025-12-09,2025,2025-12,South,Property,Medium,Closed,POL00466,CUST0238,BR050,12773.01,Dec,Q4,Extreme,1
CLM000679,2025-12-27,2025,2025-12,South,Property,Low,Closed,POL00643,CUST0037,BR025,5758.64,Dec,Q4,Medium,1
CLM000680,2024-06-19,2024,2024-06,East,Auto,Medium,Closed,POL00628,CUST0278,BR037,3706.33,Jun,Q2,Medium,0
CLM000681,2024-12-16,2024,2024-12,North,Property,Medium,Closed,POL00691,CUST0187,BR004,5406.87,Dec,Q4,Medium,1
CLM000682,2025-07-07,2025,2025-07,East,Auto,Low,Closed,POL00575,CUST0364,BR050,1171.0,Jul,Q3,Low,0
CLM000683,2025-06-21,2025,2025-06,South,Auto,Low,Closed,POL00215,CUST0386,BR048,2056.16,Jun,Q2,Low,0
CLM000684,2024-06-13,2024,2024-06,South,Auto,Medium,Closed,POL00065,CUST0191,BR023,4005.53,Jun,Q2,Medium,0
CLM000685,2025-09-14,2025,2025-09,East,Auto,Medium,Closed,POL00300,CUST0232,BR040,1889.11,Sep,Q3,Low,0
CLM000686,2025-12-11,2025,2025-12,East,Property,Medium,Closed,POL00184,CUST0148,BR005,6247.56,Dec,Q4,High,1
CLM000687,2025-05-22,2025,2025-05,North,Auto,Low,Pending,POL00024,CUST0151,BR027,1682.37,May,Q2,Low,0
CLM000688,2024-10-04,2024,2024-10,Central,Health,Low,Open,POL00022,CUST0150,BR013,852.5,Oct,Q4,Very Low,0
CLM000689,2025-04-29,2025,2025-04,West,Health,Low,Closed,POL00335,CUST0249,BR038,2112.33,Apr,Q2,Low,0
CLM000690,2024-09-28,2024,2024-09,Central,Health,Low,Closed,POL00314,CUST0088,BR017,1135.52,Sep,Q3,Low,0
CLM000691,2025-07-10,2025,2025-07,Central,Property,Low,Closed,POL00171,CUST0317,BR011,2438.57,Jul,Q3,Low,0
CLM000692,2024-05-26,2024,2024-05,South,Auto,Medium,Pending,POL00158,CUST0083,BR016,5064.02,May,Q2,Medium,1
CLM000693,2025-06-12,2025,2025-06,East,Health,Low,Closed,POL00682,CUST0163,BR023,857.4,Jun,Q2,Very Low,0
CLM000694,2025-08-18,2025,2025-08,East,Auto,Low,Closed,POL00512,CUST0394,BR010,2156.74,Aug,Q3,Low,0
CLM000695,2024-06-12,2024,2024-06,North,Property,Medium,Closed,POL00663,CUST0362,BR019,5168.95,Jun,Q2,Medium,1
CLM000696,2025-05-29,2025,2025-05,Central,Property,High,Open,POL00453,CUST0174,BR045,7862.37,May,Q2,High,1
CLM000697,2025-09-03,2025,2025-09,Central,Auto,Medium,Closed,POL00226,CUST0229,BR023,3076.92,Sep,Q3,Medium,0
CLM000698,2025-01-29,2025,2025-01,East,Auto,Medium,Open,POL00201,CUST0012,BR006,1870.04,Jan,Q1,Low,0
CLM000699,2025-08-17,2025,2025-08,West,Property,High,Closed,POL00618,CUST0310,BR033,16816.19,Aug,Q3,Extreme,1
CLM000700,2024-12-07,2024,2024-12,South,Auto,Medium,Closed,POL00382,CUST0007,BR019,3163.5,Dec,Q4,Medium,0
CLM000701,2025-06-07,2025,2025-06,Central,Property,Low,Closed,POL00426,CUST0412,BR029,2304.34,Jun,Q2,Low,0
CLM000702,2025-08-06,2025,2025-08,West,Health,Medium,Closed,POL00311,CUST0244,BR034,3962.73,Aug,Q3,Medium,0
CLM000703,2024-02-03,2024,2024-02,Central,Health,Low,Closed,POL00655,CUST0140,BR027,759.63,Feb,Q1,Very Low,0
CLM000704,2025-08-25,2025,2025-08,West,Property,Low,Closed,POL00568,CUST0252,BR003,2347.36,Aug,Q3,Low,0
CLM000705,2024-06-03,2024,2024-06,West,Auto,Medium,Closed,POL00028,CUST0406,BR001,1812.33,Jun,Q2,Low,0
CLM000706,2025-06-03,2025,2025-06,Central,Property,Low,Open,POL00428,CUST0092,BR032,3420.73,Jun,Q2,Medium,0
CLM000707,2024-11-26,2024,2024-11,South,Auto,Low,Pending,POL00069,CUST0307,BR048,1293.59,Nov,Q4,Low,0
CLM000708,2025-09-04,2025,2025-09,East,Property,Medium,Closed,POL00123,CUST0192,BR033,8996.36,Sep,Q3,High,1
CLM000709,2024-01-09,2024,2024-01,Central,Auto,Low,Closed,POL00139,CUST0183,BR011,651.44,Jan,Q1,Very Low,0
CLM000710,2025-07-04,2025,2025-07,South,Property,Low,Closed,POL00079,CUST0264,BR013,7515.55,Jul,Q3,High,1
CLM000711,2024-04-03,2024,2024-04,West,Health,Low,Closed,POL00324,CUST0351,BR020,1453.48,Apr,Q2,Low,0
CLM000712,2025-12-24,2025,2025-12,West,Auto,Medium,Closed,POL00531,CUST0145,BR024,3685.61,Dec,Q4,Medium,0
CLM000713,2024-07-29,2024,2024-07,South,Property,Low,Closed,POL00227,CUST0097,BR036,2811.29,Jul,Q3,Low,0
CLM000714,2024-09-26,2024,2024-09,Central,Property,Medium,Open,POL00428,CUST0236,BR005,4346.72,Sep,Q3,Medium,0
CLM000715,2025-03-09,2025,2025-03,Central,Health,Low,Open,POL00612,CUST0268,BR049,1170.32,Mar,Q1,Low,0
CLM000716,2024-03-29,2024,2024-03,West,Auto,Medium,Closed,POL00146,CUST0353,BR015,4597.86,Mar,Q1,Medium,0
CLM000717,2025-04-18,2025,2025-04,North,Auto,Medium,Closed,POL00496,CUST0388,BR028,3174.41,Apr,Q2,Medium,0
CLM000718,2025-02-25,2025,2025-02,North,Property,Medium,Pending,POL00045,CUST0034,BR020,5400.77,Feb,Q1,Medium,1
CLM000719,2024-02-19,2024,2024-02,West,Property,Low,Pending,POL00190,CUST0344,BR023,2773.58,Feb,Q1,Low,0
CLM000720,2025-03-16,2025,2025-03,Central,Property,High,Closed,POL00513,CUST0400,BR047,8589.13,Mar,Q1,High,1
CLM000721,2024-09-15,2024,2024-09,East,Auto,Medium,Closed,POL00223,CUST0367,BR013,2645.15,Sep,Q3,Low,0
CLM000722,2024-03-28,2024,2024-03,Central,Health,High,Closed,POL00220,CUST0259,BR046,1691.68,Mar,Q1,Low,0
CLM000723,2025-12-24,2025,2025-12,East,Health,High,Closed,POL00389,CUST0218,BR014,2472.76,Dec,Q4,Low,0
CLM000724,2025-07-28,2025,2025-07,South,Property,High,Closed,POL00571,CUST0370,BR003,17048.06,Jul,Q3,Extreme,1
CLM000725,2025-09-10,2025,2025-09,North,Auto,Medium,Pending,POL00455,CUST0116,BR036,3237.96,Sep,Q3,Medium,0
CLM000726,2025-08-08,2025,2025-08,South,Auto,Medium,Closed,POL00184,CUST0007,BR044,3860.71,Aug,Q3,Medium,0
CLM000727,2025-02-23,2025,2025-02,South,Property,Medium,Pending,POL00173,CUST0034,BR024,6962.17,Feb,Q1,High,1
CLM000728,2024-06-22,2024,2024-06,South,Property,Low,Closed,POL00435,CUST0372,BR032,3842.09,Jun,Q2,Medium,0
CLM000729,2025-10-25,2025,2025-10,East,Property,Medium,Closed,POL00683,CUST0309,BR026,4029.84,Oct,Q4,Medium,0
CLM000730,2024-09-18,2024,2024-09,South,Property,Low,Closed,POL00510,CUST0119,BR041,2590.77,Sep,Q3,Low,0
CLM000731,2024-01-16,2024,2024-01,North,Auto,Low,Closed,POL00184,CUST0196,BR039,1606.42,Jan,Q1,Low,0
CLM000732,2024-03-19,2024,2024-03,South,Health,Medium,Closed,POL00533,CUST0393,BR032,1725.4,Mar,Q1,Low,0
CLM000733,2024-04-13,2024,2024-04,South,Health,Low,Closed,POL00554,CUST0280,BR002,1681.95,Apr,Q2,Low,0
CLM000734,2024-01-17,2024,2024-01,Central,Property,Low,Closed,POL00386,CUST0227,BR030,1249.81,Jan,Q1,Low,0
CLM000735,2025-04-01,2025,2025-04,East,Property,Low,Closed,POL00138,CUST0160,BR046,4187.15,Apr,Q2,Medium,0
CLM000736,2025-02-26,2025,2025-02,East,Health,Medium,Closed,POL00576,CUST0081,BR033,2461.46,Feb,Q1,Low,0
CLM000737,2025-05-15,2025,2025-05,East,Property,Medium,Pending,POL00329,CUST0032,BR002,5324.15,May,Q2,Medium,1
CLM000738,2025-03-07,2025,2025-03,East,Property,Medium,Closed,POL00354,CUST0183,BR027,6866.02,Mar,Q1,High,1
CLM000739,2025-12-05,2025,2025-12,West,Property,High,Closed,POL00174,CUST0011,BR035,21798.67,Dec,Q4,Extreme,1
CLM000740,2025-08-24,2025,2025-08,West,Health,Low,Closed,POL00481,CUST0302,BR002,2348.99,Aug,Q3,Low,0
CLM000741,2024-07-12,2024,2024-07,East,Auto,Low,Closed,POL00692,CUST0106,BR022,748.16,Jul,Q3,Very Low,0
CLM000742,2025-12-08,2025,2025-12,South,Health,Low,Closed,POL00078,CUST0275,BR014,1136.63,Dec,Q4,Low,0
CLM000743,2025-01-25,2025,2025-01,South,Health,Medium,Pending,POL00593,CUST0049,BR038,2382.27,Jan,Q1,Low,0
CLM000744,2025-02-04,2025,2025-02,East,Health,Low,Closed,POL00310,CUST0259,BR020,1263.2,Feb,Q1,Low,0
CLM000745,2025-10-04,2025,2025-10,South,Health,Low,Closed,POL00561,CUST0093,BR002,2132.08,Oct,Q4,Low,0
CLM000746,2024-09-21,2024,2024-09,Central,Health,Low,Pending,POL00479,CUST0138,BR041,753.96,Sep,Q3,Very Low,0
CLM000747,2025-11-11,2025,2025-11,Central,Property,High,Closed,POL00206,CUST0187,BR030,9353.94,Nov,Q4,High,1
CLM000748,2025-03-19,2025,2025-03,West,Property,Medium,Open,POL00066,CUST0325,BR014,4916.98,Mar,Q1,Medium,1
CLM000749,2024-05-16,2024,2024-05,West,Health,Low,Closed,POL00416,CUST0123,BR008,1089.89,May,Q2,Low,0
CLM000750,2025-01-15,2025,2025-01,South,Property,Low,Closed,POL00663,CUST0019,BR013,2536.75,Jan,Q1,Low,0
CLM000751,2025-03-11,2025,2025-03,North,Property,Low,Closed,POL00044,CUST0370,BR032,2225.49,Mar,Q1,Low,0
CLM000752,2024-01-29,2024,2024-01,Central,Auto,Medium,Open,POL00417,CUST0187,BR043,1401.92,Jan,Q1,Low,0
CLM000753,2024-02-16,2024,2024-02,South,Property,Medium,Closed,POL00585,CUST0377,BR033,4029.46,Feb,Q1,Medium,0
CLM000754,2024-09-24,2024,2024-09,West,Health,Medium,Closed,POL00509,CUST0047,BR016,3253.41,Sep,Q3,Medium,0
CLM000755,2025-06-10,2025,2025-06,South,Health,Low,Closed,POL00434,CUST0112,BR010,1275.87,Jun,Q2,Low,0
CLM000756,2025-04-20,2025,2025-04,Central,Health,Low,Closed,POL00384,CUST0359,BR008,2979.59,Apr,Q2,Low,0
CLM000757,2025-08-05,2025,2025-08,East,Auto,Low,Closed,POL00487,CUST0367,BR024,2066.14,Aug,Q3,Low,0
CLM000758,2024-01-11,2024,2024-01,West,Property,Low,Open,POL00056,CUST0354,BR043,3360.52,Jan,Q1,Medium,0
CLM000759,2025-10-10,2025,2025-10,South,Health,Medium,Closed,POL00548,CUST0122,BR029,2195.3,Oct,Q4,Low,0
CLM000760,2025-07-21,2025,2025-07,Central,Property,Low,Open,POL00305,CUST0108,BR011,3535.51,Jul,Q3,Medium,0
CLM000761,2024-11-19,2024,2024-11,South,Property,Medium,Open,POL00281,CUST0042,BR050,4635.37,Nov,Q4,Medium,1
CLM000762,2024-08-29,2024,2024-08,West,Property,Low,Closed,POL00103,CUST0083,BR045,3287.43,Aug,Q3,Medium,0
CLM000763,2025-02-03,2025,2025-02,South,Health,Medium,Closed,POL00029,CUST0391,BR004,7262.85,Feb,Q1,High,1
CLM000764,2024-04-04,2024,2024-04,West,Property,Low,Closed,POL00644,CUST0157,BR021,3045.85,Apr,Q2,Medium,0
CLM000765,2025-02-26,2025,2025-02,North,Health,High,Open,POL00609,CUST0352,BR027,6238.48,Feb,Q1,High,1
CLM000766,2024-06-12,2024,2024-06,East,Property,Low,Closed,POL00608,CUST0168,BR019,1871.71,Jun,Q2,Low,0
CLM000767,2025-08-01,2025,2025-08,South,Health,Low,Closed,POL00022,CUST0012,BR036,1757.11,Aug,Q3,Low,0
CLM000768,2024-11-16,2024,2024-11,South,Auto,Low,Closed,POL00173,CUST0026,BR026,3763.5,Nov,Q4,Medium,0
CLM000769,2024-11-03,2024,2024-11,South,Auto,Low,Pending,POL00121,CUST0008,BR046,1626.01,Nov,Q4,Low,0
CLM000770,2025-08-21,2025,2025-08,West,Health,Low,Pending,POL00273,CUST0148,BR048,3105.93,Aug,Q3,Medium,0
CLM000771,2025-03-08,2025,2025-03,South,Auto,Low,Open,POL00194,CUST0215,BR012,3164.94,Mar,Q1,Medium,0
CLM000772,2025-03-16,2025,2025-03,North,Property,Low,Closed,POL00597,CUST0351,BR042,2525.01,Mar,Q1,Low,0
CLM000773,2025-01-06,2025,2025-01,East,Property,High,Closed,POL00393,CUST0363,BR028,11540.22,Jan,Q1,Extreme,1
CLM000774,2024-05-11,2024,2024-05,North,Health,Low,Pending,POL00483,CUST0182,BR039,1517.94,May,Q2,Low,0
CLM000775,2024-11-02,2024,2024-11,West,Property,Low,Closed,POL00391,CUST0155,BR026,3915.86,Nov,Q4,Medium,0
CLM000776,2024-03-08,2024,2024-03,Central,Health,Medium,Closed,POL00516,CUST0253,BR022,935.05,Mar,Q1,Very Low,0
CLM000777,2024-03-08,2024,2024-03,North,Property,Low,Closed,POL00321,CUST0023,BR009,1953.77,Mar,Q1,Low,0
CLM000778,2025-05-24,2025,2025-05,West,Property,Low,Closed,POL00271,CUST0265,BR021,3524.09,May,Q2,Medium,0
CLM000779,2025-03-26,2025,2025-03,East,Property,Medium,Open,POL00055,CUST0097,BR010,4742.62,Mar,Q1,Medium,1
CLM000780,2025-04-04,2025,2025-04,North,Auto,Medium,Pending,POL00507,CUST0021,BR029,3790.04,Apr,Q2,Medium,0
CLM000781,2025-12-30,2025,2025-12,East,Health,Low,Closed,POL00358,CUST0048,BR014,1332.04,Dec,Q4,Low,0
CLM000782,2024-04-02,2024,2024-04,West,Property,Medium,Closed,POL00680,CUST0300,BR014,3289.9,Apr,Q2,Medium,0
CLM000783,2025-01-03,2025,2025-01,North,Property,Medium,Open,POL00027,CUST0146,BR044,5853.29,Jan,Q1,Medium,1
CLM000784,2024-03-03,2024,2024-03,South,Health,High,Open,POL00158,CUST0015,BR006,5717.03,Mar,Q1,Medium,1
CLM000785,2025-12-29,2025,2025-12,West,Health,High,Closed,POL00045,CUST0336,BR040,6344.33,Dec,Q4,High,1
CLM000786,2024-06-15,2024,2024-06,Central,Property,High,Open,POL00133,CUST0109,BR004,10484.01,Jun,Q2,Extreme,1
CLM000787,2024-05-24,2024,2024-05,South,Auto,Low,Pending,POL00391,CUST0048,BR026,2711.34,May,Q2,Low,0
CLM000788,2025-05-03,2025,2025-05,Central,Property,Low,Closed,POL00413,CUST0146,BR042,3249.37,May,Q2,Medium,0
CLM000789,2024-11-30,2024,2024-11,North,Auto,Medium,Open,POL00318,CUST0351,BR039,2439.35,Nov,Q4,Low,0
CLM000790,2025-12-07,2025,2025-12,North,Auto,Low,Closed,POL00275,CUST0289,BR039,1023.25,Dec,Q4,Low,0
CLM000791,2025-08-05,2025,2025-08,West,Health,Low,Closed,POL00350,CUST0238,BR044,1914.24,Aug,Q3,Low,0
CLM000792,2025-12-18,2025,2025-12,West,Property,Medium,Closed,POL00480,CUST0224,BR006,6887.92,Dec,Q4,High,1
CLM000793,2024-09-01,2024,2024-09,South,Property,Medium,Closed,POL00255,CUST0268,BR028,6235.39,Sep,Q3,High,1
CLM000794,2025-01-25,2025,2025-01,East,Property,Low,Closed,POL00476,CUST0339,BR047,1868.16,Jan,Q1,Low,0
CLM000795,2025-05-10,2025,2025-05,North,Property,Medium,Open,POL00403,CUST0024,BR006,3509.82,May,Q2,Medium,0
CLM000796,2025-12-27,2025,2025-12,South,Health,Low,Closed,POL00272,CUST0175,BR012,2571.58,Dec,Q4,Low,0
CLM000797,2025-02-10,2025,2025-02,West,Property,Low,Closed,POL00176,CUST0336,BR031,3790.16,Feb,Q1,Medium,0
CLM000798,2025-07-27,2025,2025-07,Central,Property,Medium,Closed,POL00632,CUST0185,BR045,5853.85,Jul,Q3,Medium,1
CLM000799,2024-12-19,2024,2024-12,West,Property,Low,Closed,POL00196,CUST0058,BR002,3181.38,Dec,Q4,Medium,0
CLM000800,2024-04-06,2024,2024-04,Central,Auto,Medium,Closed,POL00447,CUST0321,BR035,2273.56,Apr,Q2,Low,0
CLM000801,2025-06-04,2025,2025-06,East,Property,Medium,Closed,POL00497,CUST0242,BR002,6760.13,Jun,Q2,High,1
CLM000802,2024-10-26,2024,2024-10,South,Auto,Medium,Closed,POL00342,CUST0005,BR007,2817.3,Oct,Q4,Low,0
CLM000803,2024-12-31,2024,2024-12,South,Health,Low,Closed,POL00568,CUST0149,BR003,1507.88,Dec,Q4,Low,0
CLM000804,2025-09-06,2025,2025-09,East,Property,High,Open,POL00238,CUST0366,BR004,7867.18,Sep,Q3,High,1
CLM000805,2025-08-05,2025,2025-08,East,Health,Low,Open,POL00120,CUST0254,BR040,1075.13,Aug,Q3,Low,0
CLM000806,2024-06-26,2024,2024-06,East,Health,Low,Open,POL00481,CUST0177,BR029,920.77,Jun,Q2,Very Low,0
CLM000807,2025-04-23,2025,2025-04,East,Property,High,Closed,POL00480,CUST0068,BR019,9996.58,Apr,Q2,High,1
CLM000808,2024-07-18,2024,2024-07,Central,Property,Medium,Open,POL00484,CUST0410,BR011,3196.84,Jul,Q3,Medium,0
CLM000809,2024-05-24,2024,2024-05,West,Auto,Low,Closed,POL00161,CUST0311,BR032,2909.91,May,Q2,Low,0
CLM000810,2025-08-01,2025,2025-08,Central,Health,Low,Pending,POL00368,CUST0134,BR023,867.05,Aug,Q3,Very Low,0
CLM000811,2024-03-30,2024,2024-03,West,Property,Low,Closed,POL00441,CUST0059,BR040,2950.57,Mar,Q1,Low,0
CLM000812,2025-10-15,2025,2025-10,South,Auto,Low,Closed,POL00571,CUST0137,BR010,2118.09,Oct,Q4,Low,0
CLM000813,2024-09-20,2024,2024-09,East,Auto,Low,Pending,POL00469,CUST0387,BR008,2364.61,Sep,Q3,Low,0
CLM000814,2024-11-08,2024,2024-11,East,Property,Low,Closed,POL00520,CUST0054,BR011,2564.49,Nov,Q4,Low,0
CLM000815,2024-04-15,2024,2024-04,Central,Auto,Low,Closed,POL00519,CUST0256,BR047,1937.21,Apr,Q2,Low,0
CLM000816,2024-03-19,2024,2024-03,West,Auto,Low,Open,POL00450,CUST0213,BR050,1114.79,Mar,Q1,Low,0
CLM000817,2024-05-05,2024,2024-05,West,Health,Low,Closed,POL00273,CUST0191,BR046,1482.27,May,Q2,Low,0
CLM000818,2024-07-03,2024,2024-07,West,Auto,Medium,Closed,POL00234,CUST0071,BR028,4266.55,Jul,Q3,Medium,0
CLM000819,2025-07-29,2025,2025-07,Central,Property,Low,Pending,POL00454,CUST0075,BR050,2847.81,Jul,Q3,Low,0
CLM000820,2025-09-22,2025,2025-09,Central,Auto,Low,Closed,POL00063,CUST0202,BR049,2391.39,Sep,Q3,Low,0
CLM000821,2025-11-25,2025,2025-11,North,Health,High,Open,POL00533,CUST0152,BR027,3481.42,Nov,Q4,Medium,0
CLM000822,2025-12-15,2025,2025-12,West,Property,Medium,Closed,POL00287,CUST0271,BR040,10489.25,Dec,Q4,Extreme,1
CLM000823,2024-12-24,2024,2024-12,South,Health,High,Closed,POL00634,CUST0334,BR029,10322.85,Dec,Q4,Extreme,1
CLM000824,2024-11-28,2024,2024-11,South,Auto,Low,Closed,POL00343,CUST0200,BR047,1783.5,Nov,Q4,Low,0
CLM000825,2024-03-05,2024,2024-03,East,Health,Low,Closed,POL00320,CUST0267,BR022,877.87,Mar,Q1,Very Low,0
CLM000826,2024-03-22,2024,2024-03,North,Property,Medium,Closed,POL00312,CUST0372,BR028,6985.03,Mar,Q1,High,1
CLM000827,2024-02-26,2024,2024-02,West,Property,Low,Closed,POL00127,CUST0025,BR049,5475.33,Feb,Q1,Medium,1
CLM000828,2024-03-04,2024,2024-03,East,Health,Low,Closed,POL00242,CUST0413,BR048,854.42,Mar,Q1,Very Low,0
CLM000829,2024-10-16,2024,2024-10,West,Property,Medium,Open,POL00240,CUST0180,BR020,4532.0,Oct,Q4,Medium,0
CLM000830,2025-10-21,2025,2025-10,West,Property,Low,Closed,POL00597,CUST0099,BR050,3482.08,Oct,Q4,Medium,0
CLM000831,2025-02-20,2025,2025-02,West,Property,Low,Closed,POL00080,CUST0190,BR044,2400.54,Feb,Q1,Low,0
CLM000832,2025-10-29,2025,2025-10,East,Property,High,Closed,POL00451,CUST0353,BR032,6705.77,Oct,Q4,High,1
CLM000833,2024-08-01,2024,2024-08,West,Auto,Low,Closed,POL00133,CUST0361,BR033,1319.38,Aug,Q3,Low,0
CLM000834,2024-03-01,2024,2024-03,West,Health,Low,Closed,POL00573,CUST0190,BR008,1031.87,Mar,Q1,Low,0
CLM000835,2024-07-28,2024,2024-07,North,Auto,Low,Closed,POL00121,CUST0191,BR020,1481.9,Jul,Q3,Low,0
CLM000836,2024-06-04,2024,2024-06,South,Auto,Low,Open,POL00432,CUST0025,BR020,2197.99,Jun,Q2,Low,0
CLM000837,2024-04-20,2024,2024-04,South,Property,Low,Closed,POL00070,CUST0023,BR027,5853.49,Apr,Q2,Medium,1
CLM000838,2025-06-08,2025,2025-06,East,Property,Medium,Open,POL00621,CUST0068,BR049,3432.26,Jun,Q2,Medium,0
CLM000839,2025-11-22,2025,2025-11,East,Health,Low,Closed,POL00640,CUST0341,BR040,1766.56,Nov,Q4,Low,0
CLM000840,2025-04-30,2025,2025-04,Central,Auto,Low,Closed,POL00285,CUST0331,BR006,1528.15,Apr,Q2,Low,0
CLM000841,2024-12-28,2024,2024-12,North,Health,Medium,Closed,POL00661,CUST0064,BR042,1769.11,Dec,Q4,Low,0
CLM000842,2025-04-09,2025,2025-04,Central,Health,Medium,Closed,POL00488,CUST0258,BR002,2502.93,Apr,Q2,Low,0
CLM000843,2025-09-30,2025,2025-09,North,Auto,Medium,Closed,POL00594,CUST0228,BR006,2058.94,Sep,Q3,Low,0
CLM000844,2024-11-06,2024,2024-11,South,Health,Low,Pending,POL00349,CUST0224,BR012,1666.81,Nov,Q4,Low,0
CLM000845,2025-09-28,2025,2025-09,South,Property,Low,Closed,POL00092,CUST0079,BR020,4399.42,Sep,Q3,Medium,0
CLM000846,2024-12-13,2024,2024-12,North,Health,Low,Closed,POL00060,CUST0153,BR025,1283.15,Dec,Q4,Low,0
CLM000847,2025-03-14,2025,2025-03,South,Auto,Low,Closed,POL00208,CUST0123,BR049,2733.63,Mar,Q1,Low,0
CLM000848,2025-05-02,2025,2025-05,South,Property,Medium,Closed,POL00496,CUST0015,BR027,16336.39,May,Q2,Extreme,1
CLM000849,2024-01-10,2024,2024-01,South,Property,Medium,Closed,POL00569,CUST0334,BR009,4535.7,Jan,Q1,Medium,0
CLM000850,2025-07-28,2025,2025-07,East,Property,Low,Closed,POL00554,CUST0087,BR016,2425.33,Jul,Q3,Low,0
CLM000851,2025-08-05,2025,2025-08,Central,Health,Low,Pending,POL00636,CUST0149,BR042,953.47,Aug,Q3,Very Low,0
CLM000852,2024-01-01,2024,2024-01,North,Property,Low,Closed,POL00697,CUST0195,BR023,2074.75,Jan,Q1,Low,0
CLM000853,2024-04-18,2024,2024-04,East,Health,Low,Open,POL00577,CUST0036,BR020,820.85,Apr,Q2,Very Low,0
CLM000854,2025-12-24,2025,2025-12,North,Auto,Medium,Closed,POL00626,CUST0259,BR021,4624.17,Dec,Q4,Medium,0
CLM000855,2024-06-24,2024,2024-06,West,Property,Medium,Closed,POL00679,CUST0165,BR022,8631.38,Jun,Q2,High,1
CLM000856,2025-11-03,2025,2025-11,South,Property,Low,Closed,POL00005,CUST0005,BR044,3398.9,Nov,Q4,Medium,0
CLM000857,2025-10-12,2025,2025-10,Central,Property,Medium,Open,POL00665,CUST0334,BR005,3446.13,Oct,Q4,Medium,0
CLM000858,2025-12-10,2025,2025-12,East,Auto,High,Closed,POL00397,CUST0091,BR050,6492.82,Dec,Q4,High,1
CLM000859,2024-01-05,2024,2024-01,North,Auto,Low,Closed,POL00021,CUST0389,BR018,1236.38,Jan,Q1,Low,0
CLM000860,2024-12-29,2024,2024-12,South,Auto,Medium,Closed,POL00227,CUST0120,BR032,4211.93,Dec,Q4,Medium,0
CLM000861,2024-01-19,2024,2024-01,South,Property,Medium,Closed,POL00201,CUST0327,BR026,6087.35,Jan,Q1,High,1
CLM000862,2025-05-23,2025,2025-05,East,Health,Medium,Closed,POL00699,CUST0309,BR037,1227.32,May,Q2,Low,0
CLM000863,2025-10-29,2025,2025-10,North,Auto,Low,Closed,POL00536,CUST0374,BR018,3145.41,Oct,Q4,Medium,0
CLM000864,2025-12-14,2025,2025-12,North,Property,Medium,Closed,POL00465,CUST0002,BR028,9607.01,Dec,Q4,High,1
CLM000865,2024-11-28,2024,2024-11,North,Property,Low,Pending,POL00281,CUST0063,BR044,2033.55,Nov,Q4,Low,0
CLM000866,2025-09-11,2025,2025-09,South,Property,High,Closed,POL00431,CUST0273,BR029,11475.32,Sep,Q3,Extreme,1
CLM000867,2025-07-20,2025,2025-07,North,Property,High,Closed,POL00077,CUST0128,BR013,10760.07,Jul,Q3,Extreme,1
CLM000868,2025-06-09,2025,2025-06,North,Health,Low,Closed,POL00642,CUST0172,BR017,1481.23,Jun,Q2,Low,0
CLM000869,2025-08-31,2025,2025-08,South,Auto,Low,Open,POL00075,CUST0398,BR039,3110.9,Aug,Q3,Medium,0
CLM000870,2024-02-18,2024,2024-02,West,Health,Low,Closed,POL00035,CUST0194,BR021,2728.29,Feb,Q1,Low,0
CLM000871,2024-12-21,2024,2024-12,North,Auto,High,Closed,POL00309,CUST0313,BR041,4464.75,Dec,Q4,Medium,0
CLM000872,2025-02-22,2025,2025-02,West,Health,Low,Closed,POL00421,CUST0120,BR039,1245.52,Feb,Q1,Low,0
CLM000873,2024-11-15,2024,2024-11,North,Health,Medium,Open,POL00635,CUST0052,BR022,1110.74,Nov,Q4,Low,0
CLM000874,2024-12-11,2024,2024-12,West,Health,Low,Closed,POL00106,CUST0007,BR039,1045.27,Dec,Q4,Low,0
CLM000875,2024-10-30,2024,2024-10,West,Auto,Medium,Closed,POL00263,CUST0182,BR027,3088.98,Oct,Q4,Medium,0
CLM000876,2025-11-14,2025,2025-11,South,Property,Medium,Pending,POL00367,CUST0160,BR038,12963.47,Nov,Q4,Extreme,1
CLM000877,2024-03-15,2024,2024-03,North,Auto,Low,Closed,POL00009,CUST0266,BR038,1251.45,Mar,Q1,Low,0
CLM000878,2024-03-15,2024,2024-03,North,Health,Medium,Open,POL00433,CUST0177,BR013,1946.65,Mar,Q1,Low,0
CLM000879,2024-11-23,2024,2024-11,Central,Property,Low,Closed,POL00479,CUST0308,BR045,2255.0,Nov,Q4,Low,0
CLM000880,2025-10-24,2025,2025-10,East,Auto,Low,Closed,POL00044,CUST0254,BR015,2635.2,Oct,Q4,Low,0
CLM000881,2024-11-23,2024,2024-11,South,Auto,Medium,Closed,POL00340,CUST0414,BR048,8172.88,Nov,Q4,High,1
CLM000882,2025-07-24,2025,2025-07,South,Property,Low,Closed,POL00200,CUST0324,BR038,3446.68,Jul,Q3,Medium,0
CLM000883,2024-07-03,2024,2024-07,North,Auto,Low,Closed,POL00269,CUST0369,BR012,1263.85,Jul,Q3,Low,0
CLM000884,2025-10-11,2025,2025-10,South,Auto,Low,Closed,POL00694,CUST0071,BR025,3560.41,Oct,Q4,Medium,0
CLM000885,2024-02-26,2024,2024-02,South,Auto,Low,Closed,POL00382,CUST0339,BR011,2570.84,Feb,Q1,Low,0
CLM000886,2024-11-15,2024,2024-11,Central,Property,Low,Closed,POL00134,CUST0407,BR013,4328.61,Nov,Q4,Medium,0
CLM000887,2025-07-13,2025,2025-07,West,Auto,Low,Pending,POL00631,CUST0301,BR013,2806.21,Jul,Q3,Low,0
CLM000888,2024-05-30,2024,2024-05,West,Auto,Low,Open,POL00130,CUST0261,BR038,1653.44,May,Q2,Low,0
CLM000889,2024-04-17,2024,2024-04,West,Property,Medium,Closed,POL00172,CUST0261,BR025,6455.66,Apr,Q2,High,1
CLM000890,2024-11-26,2024,2024-11,West,Auto,Low,Closed,POL00383,CUST0270,BR045,2763.93,Nov,Q4,Low,0
CLM000891,2025-09-11,2025,2025-09,East,Health,Medium,Closed,POL00213,CUST0113,BR013,2780.17,Sep,Q3,Low,0
CLM000892,2025-05-01,2025,2025-05,South,Auto,High,Pending,POL00384,CUST0131,BR036,9343.17,May,Q2,High,1
CLM000893,2025-02-13,2025,2025-02,West,Property,Medium,Closed,POL00443,CUST0210,BR024,9303.73,Feb,Q1,High,1
CLM000894,2024-06-11,2024,2024-06,South,Auto,Low,Closed,POL00078,CUST0184,BR006,3049.03,Jun,Q2,Medium,0
CLM000895,2025-09-14,2025,2025-09,East,Health,Medium,Closed,POL00074,CUST0185,BR003,3384.14,Sep,Q3,Medium,0
CLM000896,2025-06-20,2025,2025-06,South,Auto,Low,Closed,POL00282,CUST0098,BR046,3100.21,Jun,Q2,Medium,0
CLM000897,2024-03-11,2024,2024-03,Central,Property,Medium,Pending,POL00009,CUST0395,BR020,3565.24,Mar,Q1,Medium,0
CLM000898,2025-06-27,2025,2025-06,West,Health,Low,Closed,POL00484,CUST0335,BR033,1733.78,Jun,Q2,Low,0
CLM000899,2024-03-17,2024,2024-03,Central,Auto,Medium,Closed,POL00240,CUST0265,BR038,3432.22,Mar,Q1,Medium,0
CLM000900,2024-08-27,2024,2024-08,West,Health,Medium,Closed,POL00193,CUST0220,BR050,1690.46,Aug,Q3,Low,0
CLM000901,2024-08-01,2024,2024-08,South,Health,Medium,Closed,POL00592,CUST0066,BR020,2764.69,Aug,Q3,Low,0
CLM000902,2024-01-05,2024,2024-01,East,Property,Low,Closed,POL00436,CUST0352,BR049,2086.1,Jan,Q1,Low,0
CLM000903,2025-12-20,2025,2025-12,East,Auto,Low,Pending,POL00158,CUST0170,BR037,1756.08,Dec,Q4,Low,0
CLM000904,2024-11-04,2024,2024-11,Central,Health,Low,Closed,POL00401,CUST0033,BR035,1520.53,Nov,Q4,Low,0
CLM000905,2025-09-01,2025,2025-09,North,Health,Low,Closed,POL00107,CUST0346,BR036,1408.74,Sep,Q3,Low,0
CLM000906,2025-12-19,2025,2025-12,East,Auto,Low,Closed,POL00211,CUST0120,BR019,1766.99,Dec,Q4,Low,0
CLM000907,2024-02-05,2024,2024-02,East,Auto,Low,Closed,POL00421,CUST0201,BR011,885.35,Feb,Q1,Very Low,0
CLM000908,2024-03-07,2024,2024-03,East,Health,Low,Pending,POL00212,CUST0067,BR014,1332.23,Mar,Q1,Low,0
CLM000909,2025-12-30,2025,2025-12,West,Auto,Medium,Closed,POL00470,CUST0142,BR013,4778.87,Dec,Q4,Medium,1
CLM000910,2025-03-15,2025,2025-03,East,Property,Medium,Closed,POL00583,CUST0252,BR030,10378.97,Mar,Q1,Extreme,1
CLM000911,2025-01-21,2025,2025-01,West,Auto,High,Closed,POL00305,CUST0201,BR040,6504.0,Jan,Q1,High,1
CLM000912,2024-03-30,2024,2024-03,South,Auto,Medium,Closed,POL00394,CUST0338,BR012,3644.06,Mar,Q1,Medium,0
CLM000913,2024-02-18,2024,2024-02,South,Property,Low,Open,POL00281,CUST0322,BR035,3712.29,Feb,Q1,Medium,0
CLM000914,2025-02-04,2025,2025-02,West,Property,Low,Pending,POL00567,CUST0063,BR024,6674.95,Feb,Q1,High,1
CLM000915,2025-02-23,2025,2025-02,East,Property,Low,Closed,POL00046,CUST0237,BR002,2824.87,Feb,Q1,Low,0
CLM000916,2025-12-22,2025,2025-12,West,Health,Low,Closed,POL00039,CUST0006,BR017,1815.96,Dec,Q4,Low,0
CLM000917,2025-03-11,2025,2025-03,West,Property,Low,Pending,POL00144,CUST0242,BR018,4754.15,Mar,Q1,Medium,1
CLM000918,2024-03-28,2024,2024-03,West,Health,Low,Closed,POL00401,CUST0087,BR005,1441.12,Mar,Q1,Low,0
CLM000919,2024-01-06,2024,2024-01,West,Auto,Low,Closed,POL00036,CUST0346,BR035,1603.77,Jan,Q1,Low,0
CLM000920,2025-12-23,2025,2025-12,North,Health,Medium,Closed,POL00106,CUST0200,BR045,2350.36,Dec,Q4,Low,0
CLM000921,2025-01-27,2025,2025-01,East,Auto,Low,Closed,POL00245,CUST0103,BR006,2531.45,Jan,Q1,Low,0
CLM000922,2025-01-15,2025,2025-01,Central,Auto,Low,Closed,POL00099,CUST0409,BR043,1149.9,Jan,Q1,Low,0
CLM000923,2025-03-27,2025,2025-03,North,Health,Medium,Closed,POL00640,CUST0107,BR035,2300.62,Mar,Q1,Low,0
CLM000924,2025-08-08,2025,2025-08,North,Auto,Low,Closed,POL00324,CUST0007,BR025,1432.29,Aug,Q3,Low,0
CLM000925,2025-04-23,2025,2025-04,North,Property,Medium,Closed,POL00224,CUST0211,BR020,7785.02,Apr,Q2,High,1
CLM000926,2024-09-12,2024,2024-09,Central,Auto,Medium,Pending,POL00583,CUST0088,BR017,1320.24,Sep,Q3,Low,0
CLM000927,2024-11-03,2024,2024-11,South,Health,Low,Pending,POL00137,CUST0171,BR012,1198.95,Nov,Q4,Low,0
CLM000928,2024-12-18,2024,2024-12,South,Property,Low,Closed,POL00624,CUST0300,BR029,3882.14,Dec,Q4,Medium,0
CLM000929,2025-11-24,2025,2025-11,South,Property,High,Closed,POL00243,CUST0378,BR028,22733.22,Nov,Q4,Extreme,1
CLM000930,2024-11-13,2024,2024-11,North,Auto,Low,Closed,POL00385,CUST0105,BR042,1465.88,Nov,Q4,Low,0
CLM000931,2025-11-03,2025,2025-11,South,Property,High,Closed,POL00425,CUST0332,BR019,10821.92,Nov,Q4,Extreme,1
CLM000932,2024-04-27,2024,2024-04,Central,Auto,Low,Closed,POL00681,CUST0128,BR044,2607.81,Apr,Q2,Low,0
CLM000933,2024-04-23,2024,2024-04,East,Health,Low,Closed,POL00007,CUST0034,BR032,618.08,Apr,Q2,Very Low,0
CLM000934,2025-04-09,2025,2025-04,South,Property,Medium,Open,POL00210,CUST0121,BR033,3204.19,Apr,Q2,Medium,0
CLM000935,2025-08-28,2025,2025-08,South,Property,Low,Closed,POL00293,CUST0296,BR029,4841.47,Aug,Q3,Medium,1
CLM000936,2024-04-13,2024,2024-04,South,Property,Low,Pending,POL00408,CUST0194,BR011,2853.78,Apr,Q2,Low,0
CLM000937,2025-08-05,2025,2025-08,East,Property,Medium,Open,POL00021,CUST0391,BR025,3404.88,Aug,Q3,Medium,0
CLM000938,2025-02-12,2025,2025-02,North,Property,Low,Closed,POL00465,CUST0146,BR025,3939.42,Feb,Q1,Medium,0
CLM000939,2025-09-04,2025,2025-09,South,Property,Low,Closed,POL00384,CUST0252,BR026,4520.15,Sep,Q3,Medium,0
CLM000940,2024-07-21,2024,2024-07,Central,Auto,Low,Closed,POL00603,CUST0037,BR027,1108.13,Jul,Q3,Low,0
CLM000941,2024-03-04,2024,2024-03,South,Health,Low,Closed,POL00262,CUST0395,BR049,931.42,Mar,Q1,Very Low,0
CLM000942,2024-09-17,2024,2024-09,West,Health,Low,Closed,POL00395,CUST0218,BR048,1832.1,Sep,Q3,Low,0
CLM000943,2025-09-02,2025,2025-09,North,Property,Medium,Closed,POL00661,CUST0076,BR017,6433.42,Sep,Q3,High,1
CLM000944,2024-12-14,2024,2024-12,North,Auto,Medium,Closed,POL00166,CUST0007,BR008,2414.71,Dec,Q4,Low,0
CLM000945,2024-11-25,2024,2024-11,West,Health,Medium,Pending,POL00083,CUST0266,BR013,4294.15,Nov,Q4,Medium,0
CLM000946,2024-03-25,2024,2024-03,West,Auto,Low,Pending,POL00675,CUST0196,BR038,1289.27,Mar,Q1,Low,0
CLM000947,2025-07-30,2025,2025-07,West,Property,High,Open,POL00276,CUST0384,BR014,7134.91,Jul,Q3,High,1
CLM000948,2024-07-22,2024,2024-07,West,Auto,Low,Closed,POL00100,CUST0036,BR050,1471.73,Jul,Q3,Low,0
CLM000949,2024-09-25,2024,2024-09,South,Auto,Low,Closed,POL00191,CUST0361,BR009,1992.95,Sep,Q3,Low,0
CLM000950,2025-04-04,2025,2025-04,East,Auto,Medium,Closed,POL00188,CUST0415,BR049,3155.09,Apr,Q2,Medium,0
CLM000951,2025-07-29,2025,2025-07,East,Property,Low,Closed,POL00088,CUST0194,BR008,2684.2,Jul,Q3,Low,0
CLM000952,2025-06-25,2025,2025-06,North,Auto,Low,Closed,POL00273,CUST0385,BR001,2069.97,Jun,Q2,Low,0
CLM000953,2024-01-22,2024,2024-01,North,Health,Low,Closed,POL00273,CUST0249,BR031,696.92,Jan,Q1,Very Low,0
CLM000954,2024-11-05,2024,2024-11,South,Auto,High,Pending,POL00246,CUST0185,BR043,10628.79,Nov,Q4,Extreme,1
CLM000955,2025-11-09,2025,2025-11,West,Property,Medium,Open,POL00143,CUST0014,BR039,6223.46,Nov,Q4,High,1
CLM000956,2025-09-29,2025,2025-09,South,Property,Medium,Closed,POL00675,CUST0244,BR033,10227.64,Sep,Q3,Extreme,1
CLM000957,2025-04-07,2025,2025-04,North,Health,High,Closed,POL00047,CUST0414,BR048,4704.15,Apr,Q2,Medium,1
CLM000958,2025-08-16,2025,2025-08,South,Health,Medium,Closed,POL00488,CUST0338,BR045,3478.52,Aug,Q3,Medium,0
CLM000959,2024-07-16,2024,2024-07,South,Auto,Low,Closed,POL00586,CUST0402,BR046,2471.9,Jul,Q3,Low,0
CLM000960,2025-03-07,2025,2025-03,East,Auto,Medium,Pending,POL00479,CUST0087,BR029,3389.04,Mar,Q1,Medium,0
CLM000961,2024-09-03,2024,2024-09,West,Auto,Low,Open,POL00676,CUST0359,BR006,2347.99,Sep,Q3,Low,0
CLM000962,2025-01-15,2025,2025-01,North,Property,High,Closed,POL00264,CUST0341,BR031,15502.37,Jan,Q1,Extreme,1
CLM000963,2024-12-09,2024,2024-12,North,Auto,Medium,Open,POL00093,CUST0408,BR045,2678.01,Dec,Q4,Low,0
CLM000964,2025-04-25,2025,2025-04,Central,Property,Medium,Closed,POL00391,CUST0335,BR042,5910.47,Apr,Q2,Medium,1
CLM000965,2024-08-11,2024,2024-08,West,Auto,Low,Closed,POL00092,CUST0175,BR048,1817.03,Aug,Q3,Low,0
CLM000966,2025-04-07,2025,2025-04,West,Auto,Low,Pending,POL00591,CUST0378,BR001,3786.72,Apr,Q2,Medium,0
CLM000967,2025-10-30,2025,2025-10,East,Property,High,Closed,POL00696,CUST0408,BR009,7299.16,Oct,Q4,High,1
CLM000968,2025-11-05,2025,2025-11,East,Auto,Low,Closed,POL00304,CUST0113,BR032,3265.3,Nov,Q4,Medium,0
CLM000969,2024-03-16,2024,2024-03,East,Auto,Medium,Open,POL00036,CUST0307,BR021,2341.85,Mar,Q1,Low,0
CLM000970,2025-12-19,2025,2025-12,North,Property,Medium,Open,POL00507,CUST0150,BR046,3105.47,Dec,Q4,Medium,0
CLM000971,2024-01-31,2024,2024-01,Central,Auto,Medium,Closed,POL00231,CUST0359,BR048,2353.18,Jan,Q1,Low,0
CLM000972,2025-04-02,2025,2025-04,Central,Property,Low,Pending,POL00164,CUST0012,BR036,2180.12,Apr,Q2,Low,0
CLM000973,2025-08-05,2025,2025-08,West,Property,Medium,Closed,POL00290,CUST0145,BR045,8596.06,Aug,Q3,High,1
CLM000974,2024-12-24,2024,2024-12,Central,Health,Low,Open,POL00595,CUST0413,BR004,773.51,Dec,Q4,Very Low,0
CLM000975,2024-12-29,2024,2024-12,South,Property,Medium,Closed,POL00495,CUST0150,BR010,4850.22,Dec,Q4,Medium,1
CLM000976,2025-04-11,2025,2025-04,West,Auto,Medium,Closed,POL00152,CUST0193,BR028,1967.86,Apr,Q2,Low,0
CLM000977,2024-03-27,2024,2024-03,Central,Auto,High,Closed,POL00054,CUST0061,BR033,3649.09,Mar,Q1,Medium,0
CLM000978,2024-10-30,2024,2024-10,South,Auto,Medium,Closed,POL00122,CUST0124,BR026,1444.9,Oct,Q4,Low,0
CLM000979,2025-12-19,2025,2025-12,East,Auto,Medium,Pending,POL00687,CUST0338,BR006,1664.43,Dec,Q4,Low,0
CLM000980,2024-11-28,2024,2024-11,South,Health,Low,Closed,POL00120,CUST0043,BR008,1902.58,Nov,Q4,Low,0
CLM000981,2025-12-09,2025,2025-12,Central,Auto,Medium,Closed,POL00097,CUST0407,BR038,3613.99,Dec,Q4,Medium,0
CLM000982,2025-09-05,2025,2025-09,South,Property,Medium,Open,POL00551,CUST0095,BR026,8028.12,Sep,Q3,High,1
CLM000983,2024-01-11,2024,2024-01,South,Property,Medium,Closed,POL00066,CUST0266,BR038,4042.03,Jan,Q1,Medium,0
CLM000984,2025-11-30,2025,2025-11,North,Property,High,Closed,POL00614,CUST0356,BR012,9574.38,Nov,Q4,High,1
CLM000985,2025-08-17,2025,2025-08,West,Auto,Low,Closed,POL00576,CUST0132,BR049,2284.62,Aug,Q3,Low,0
CLM000986,2025-03-05,2025,2025-03,East,Auto,Medium,Pending,POL00001,CUST0128,BR020,1931.74,Mar,Q1,Low,0
CLM000987,2025-09-23,2025,2025-09,West,Property,Medium,Pending,POL00361,CUST0311,BR035,10840.27,Sep,Q3,Extreme,1
CLM000988,2025-12-19,2025,2025-12,North,Property,Low,Closed,POL00221,CUST0069,BR039,4179.48,Dec,Q4,Medium,0
CLM000989,2025-10-30,2025,2025-10,South,Property,Medium,Pending,POL00410,CUST0234,BR006,6402.59,Oct,Q4,High,1
CLM000990,2024-12-12,2024,2024-12,South,Property,Medium,Closed,POL00276,CUST0325,BR045,5723.61,Dec,Q4,Medium,1
CLM000991,2024-12-31,2024,2024-12,South,Property,Medium,Closed,POL00430,CUST0079,BR021,6098.99,Dec,Q4,High,1
CLM000992,2024-08-10,2024,2024-08,South,Property,Low,Closed,POL00545,CUST0057,BR044,1664.89,Aug,Q3,Low,0
CLM000993,2025-02-03,2025,2025-02,South,Auto,High,Closed,POL00232,CUST0141,BR001,7174.89,Feb,Q1,High,1
CLM000994,2025-04-24,2025,2025-04,South,Auto,High,Open,POL00314,CUST0302,BR032,6162.03,Apr,Q2,High,1
CLM000995,2025-06-28,2025,2025-06,West,Property,Medium,Open,POL00175,CUST0163,BR049,4510.97,Jun,Q2,Medium,0
CLM000996,2025-06-26,2025,2025-06,West,Property,Medium,Open,POL00413,CUST0245,BR038,5804.85,Jun,Q2,Medium,1
CLM000997,2025-01-05,2025,2025-01,West,Property,Low,Pending,POL00655,CUST0190,BR046,7209.82,Jan,Q1,High,1
CLM000998,2024-12-13,2024,2024-12,East,Property,Low,Pending,POL00480,CUST0258,BR019,2995.95,Dec,Q4,Low,0
CLM000999,2025-08-08,2025,2025-08,East,Property,High,Closed,POL00090,CUST0157,BR027,7572.95,Aug,Q3,High,1
CLM001000,2024-02-16,2024,2024-02,West,Auto,Low,Closed,POL00590,CUST0030,BR006,2291.06,Feb,Q1,Low,0
